draw,nrmse,decomp_rssd,digital_contribution,digital_pct_error,pareto_efficient
117,0.02606,0.23223,38.17,31.7,True
2388,0.02606,0.23223,38.17,31.7,False
1252,0.02626,0.23429,35.71,23.2,False
1087,0.0263,0.20265,28.19,-2.8,True
672,0.02639,0.20085,23.26,-19.8,True
2315,0.0264,0.17644,27.55,-5.0,True
146,0.0264,0.18978,29.21,0.8,False
685,0.02642,0.23067,33.84,16.7,False
1090,0.02643,0.23799,36.67,26.5,False
1692,0.02644,0.21457,26.45,-8.8,False
1596,0.02645,0.2038,27.78,-4.2,False
2222,0.02648,0.23155,38.48,32.7,False
1994,0.02649,0.2133,24.36,-16.0,False
263,0.0265,0.2279,27.16,-6.3,False
2145,0.02651,0.20967,28.28,-2.4,False
1204,0.02651,0.19619,26.87,-7.3,False
1662,0.02651,0.19619,26.87,-7.3,False
1032,0.02651,0.2028,27.46,-5.3,False
1517,0.02652,0.22709,39.27,35.5,False
1754,0.02652,0.22709,39.27,35.5,False
1673,0.02652,0.19809,27.16,-6.3,False
458,0.02653,0.20876,23.43,-19.2,False
1346,0.02653,0.21335,26.62,-8.2,False
1144,0.02653,0.21335,26.62,-8.2,False
1413,0.02655,0.16275,21.38,-26.3,True
2029,0.02655,0.22427,13.0,-55.1,False
1585,0.02656,0.16448,17.75,-38.8,False
2356,0.02657,0.21794,12.8,-55.8,False
2003,0.02657,0.16921,16.35,-43.6,False
2326,0.02657,0.22403,24.13,-16.8,False
1900,0.02658,0.21203,27.08,-6.6,False
1738,0.02658,0.1943,26.12,-9.9,False
991,0.02658,0.22191,28.4,-2.0,False
1821,0.0266,0.23775,26.75,-7.7,False
374,0.0266,0.20779,29.57,2.0,False
1250,0.02661,0.20266,18.45,-36.4,False
1186,0.02661,0.229,24.27,-16.3,False
345,0.02661,0.17636,26.26,-9.4,False
1951,0.02662,0.20181,29.32,1.1,False
1749,0.02662,0.18736,25.53,-11.9,False
795,0.02664,0.21321,33.89,16.9,False
1761,0.02664,0.19769,21.73,-25.1,False
315,0.02665,0.1818,25.25,-12.9,False
2258,0.02666,0.22233,39.58,36.5,False
494,0.02668,0.2566,36.71,26.6,False
424,0.02668,0.20126,24.26,-16.3,False
844,0.02668,0.1991,29.81,2.8,False
119,0.02669,0.22088,26.06,-10.1,False
955,0.02669,0.28004,22.62,-22.0,False
326,0.02669,0.24597,41.16,42.0,False
1231,0.0267,0.22387,29.12,0.4,False
1677,0.02671,0.19369,27.87,-3.9,False
1361,0.02671,0.20558,23.12,-20.2,False
78,0.02671,0.20926,21.85,-24.6,False
1871,0.02671,0.17341,16.1,-44.5,False
927,0.02671,0.22492,18.97,-34.6,False
212,0.02671,0.19558,23.01,-20.6,False
1631,0.02671,0.19624,21.6,-25.5,False
103,0.02671,0.20769,28.59,-1.4,False
1889,0.02671,0.17971,25.25,-12.9,False
440,0.02672,0.20765,21.37,-26.3,False
388,0.02672,0.19688,32.31,11.4,False
1542,0.02673,0.20655,30.82,6.3,False
1841,0.02673,0.17177,19.02,-34.4,False
1303,0.02673,0.20655,30.82,6.3,False
2325,0.02674,0.20846,27.77,-4.2,False
576,0.02674,0.20166,31.38,8.2,False
1328,0.02674,0.24127,19.15,-33.9,False
579,0.02674,0.20457,15.46,-46.7,False
2386,0.02674,0.21655,26.73,-7.8,False
611,0.02676,0.19991,29.83,2.9,False
1074,0.02677,0.24921,18.67,-35.6,False
1092,0.02677,0.15312,19.88,-31.4,True
1601,0.02677,0.18554,16.04,-44.7,False
2,0.02677,0.19884,17.03,-41.3,False
1613,0.02677,0.24921,18.67,-35.6,False
32,0.02677,0.18554,16.04,-44.7,False
1163,0.02677,0.24921,18.67,-35.6,False
1405,0.02678,0.18795,30.58,5.5,False
1587,0.02678,0.18339,21.21,-26.8,False
726,0.02678,0.19248,25.87,-10.8,False
618,0.02678,0.24114,32.72,12.9,False
1987,0.02678,0.18339,21.21,-26.8,False
528,0.02678,0.18665,33.45,15.4,False
2061,0.02678,0.16837,23.9,-17.6,False
1584,0.02679,0.19906,35.41,22.1,False
1397,0.02679,0.20987,26.43,-8.8,False
1387,0.0268,0.22818,26.53,-8.5,False
2304,0.0268,0.19225,27.71,-4.4,False
1930,0.0268,0.21415,16.92,-41.6,False
1694,0.0268,0.22818,26.53,-8.5,False
2267,0.02681,0.20025,26.25,-9.4,False
1057,0.02681,0.21544,32.28,11.4,False
2169,0.02681,0.20025,26.25,-9.4,False
1083,0.02682,0.17386,15.84,-45.3,False
2187,0.02682,0.16658,21.98,-24.2,False
885,0.02682,0.17704,19.98,-31.1,False
854,0.02683,0.19519,36.15,24.7,False
1610,0.02683,0.21454,25.72,-11.3,False
683,0.02683,0.19519,36.15,24.7,False
2220,0.02683,0.18578,29.9,3.2,False
2091,0.02683,0.25219,26.91,-7.2,False
2022,0.02684,0.17987,24.4,-15.8,False
1290,0.02684,0.1786,23.09,-20.3,False
352,0.02684,0.20084,28.24,-2.6,False
1089,0.02684,0.18785,27.8,-4.1,False
279,0.02685,0.21589,28.24,-2.6,False
2245,0.02685,0.24685,29.09,0.3,False
1697,0.02685,0.18036,26.17,-9.7,False
1462,0.02685,0.19412,30.25,4.3,False
55,0.02686,0.18586,14.5,-50.0,False
915,0.02686,0.20953,24.42,-15.8,False
1325,0.02686,0.19554,29.78,2.7,False
228,0.02686,0.17691,27.33,-5.7,False
1612,0.02687,0.20205,28.11,-3.0,False
1625,0.02687,0.23106,25.44,-12.2,False
260,0.02687,0.15261,29.49,1.7,True
1654,0.02687,0.16528,27.46,-5.3,False
1482,0.02687,0.16528,27.46,-5.3,False
1119,0.02687,0.19656,23.65,-18.4,False
2393,0.02688,0.21029,32.98,13.8,False
2150,0.02689,0.1931,14.13,-51.3,False
1707,0.02689,0.23356,26.39,-9.0,False
1624,0.02689,0.23356,26.39,-9.0,False
316,0.02689,0.17344,19.38,-33.2,False
1718,0.02689,0.19146,33.35,15.0,False
797,0.02689,0.19146,33.35,15.0,False
1251,0.02689,0.19354,22.3,-23.1,False
2116,0.02689,0.2056,29.52,1.8,False
487,0.0269,0.22287,12.23,-57.8,False
1078,0.0269,0.20718,14.65,-49.5,False
199,0.0269,0.15949,24.51,-15.5,False
372,0.0269,0.22287,12.23,-57.8,False
518,0.0269,0.21495,17.03,-41.2,False
1980,0.02691,0.18382,26.91,-7.2,False
896,0.02691,0.18912,16.8,-42.1,False
637,0.02691,0.23817,32.88,13.4,False
2311,0.02692,0.23038,26.91,-7.2,False
1428,0.02692,0.19414,26.43,-8.8,False
768,0.02693,0.20177,27.49,-5.2,False
1647,0.02693,0.24287,40.72,40.5,False
1933,0.02693,0.2203,33.49,15.5,False
962,0.02694,0.21346,29.03,0.1,False
937,0.02694,0.20473,27.63,-4.7,False
153,0.02694,0.22543,26.45,-8.7,False
65,0.02695,0.21772,28.56,-1.5,False
2115,0.02695,0.20744,16.0,-44.8,False
889,0.02695,0.20744,16.0,-44.8,False
1399,0.02696,0.19082,28.21,-2.7,False
1456,0.02696,0.20058,13.04,-55.0,False
1672,0.02697,0.20418,23.57,-18.7,False
1521,0.02697,0.17338,24.68,-14.9,False
197,0.02697,0.26752,39.66,36.8,False
2390,0.02697,0.17986,15.38,-47.0,False
1767,0.02697,0.19068,20.48,-29.3,False
985,0.02698,0.21307,28.69,-1.0,False
9,0.02698,0.19281,28.23,-2.6,False
1897,0.02698,0.19281,28.23,-2.6,False
2048,0.02698,0.21307,28.69,-1.0,False
1895,0.02698,0.19243,27.7,-4.4,False
2374,0.02698,0.1933,26.72,-7.8,False
1941,0.02698,0.20121,27.51,-5.1,False
1741,0.02699,0.2179,27.0,-6.9,False
1642,0.02699,0.22808,17.97,-38.0,False
2377,0.02699,0.18909,26.29,-9.3,False
1321,0.02699,0.18833,23.44,-19.2,False
1598,0.027,0.20797,16.9,-41.7,False
1885,0.027,0.24048,21.7,-25.1,False
1919,0.027,0.1858,16.58,-42.8,False
2109,0.027,0.20218,16.75,-42.2,False
965,0.027,0.20501,16.66,-42.5,False
1514,0.027,0.25118,41.55,43.3,False
848,0.02701,0.18426,28.76,-0.8,False
981,0.02701,0.24837,41.75,44.0,False
1910,0.02701,0.17832,21.44,-26.0,False
2301,0.02701,0.17305,28.83,-0.5,False
308,0.02701,0.17832,21.44,-26.0,False
230,0.02702,0.18124,30.97,6.8,False
732,0.02702,0.20354,22.59,-22.1,False
1203,0.02702,0.20085,30.42,4.9,False
1403,0.02702,0.24901,30.09,3.8,False
2205,0.02702,0.19363,15.9,-45.2,False
2146,0.02703,0.19796,28.24,-2.6,False
1661,0.02703,0.15312,24.86,-14.2,False
777,0.02704,0.21456,33.27,14.8,False
1068,0.02704,0.17747,30.31,4.5,False
521,0.02704,0.16352,21.17,-27.0,False
614,0.02704,0.25815,32.29,11.4,False
2049,0.02704,0.18949,25.1,-13.4,False
976,0.02704,0.17622,21.36,-26.3,False
1142,0.02704,0.25815,32.29,11.4,False
290,0.02705,0.22359,22.06,-23.9,False
1556,0.02705,0.18631,17.78,-38.7,False
1607,0.02705,0.17826,29.22,0.8,False
894,0.02705,0.21986,23.31,-19.6,False
1750,0.02705,0.20195,27.76,-4.3,False
1740,0.02705,0.237,38.56,33.0,False
1449,0.02705,0.19563,23.52,-18.9,False
1249,0.02706,0.18721,25.12,-13.3,False
2244,0.02706,0.19264,25.72,-11.3,False
120,0.02706,0.17835,13.78,-52.5,False
1539,0.02706,0.17126,17.95,-38.1,False
680,0.02706,0.19264,25.72,-11.3,False
1352,0.02706,0.22235,25.2,-13.1,False
1434,0.02707,0.18387,14.49,-50.0,False
2382,0.02707,0.21755,14.55,-49.8,False
659,0.02707,0.20983,16.04,-44.7,False
1004,0.02707,0.18589,16.82,-42.0,False
2364,0.02707,0.28348,21.11,-27.2,False
2133,0.02707,0.21755,14.55,-49.8,False
387,0.02707,0.16354,20.26,-30.1,False
1355,0.02708,0.22471,23.23,-19.9,False
838,0.02708,0.22214,24.91,-14.1,False
1676,0.02708,0.22056,21.94,-24.3,False
1497,0.02708,0.181,29.18,0.6,False
100,0.02708,0.20364,28.9,-0.3,False
1912,0.02709,0.1757,20.57,-29.1,False
2172,0.02709,0.18642,24.78,-14.5,False
191,0.02709,0.16594,18.25,-37.0,False
238,0.02709,0.28005,21.73,-25.0,False
514,0.02709,0.16651,24.6,-15.1,False
1566,0.0271,0.21106,11.82,-59.2,False
2161,0.0271,0.23384,36.24,25.0,False
1017,0.0271,0.20681,21.6,-25.5,False
1326,0.0271,0.19935,24.67,-14.9,False
1173,0.02711,0.18013,25.13,-13.3,False
953,0.02711,0.20123,14.43,-50.2,False
868,0.02711,0.18216,22.24,-23.3,False
1071,0.02711,0.17974,31.26,7.8,False
1668,0.02712,0.17526,23.18,-20.0,False
464,0.02712,0.20763,23.05,-20.5,False
1301,0.02712,0.2024,23.14,-20.2,False
91,0.02712,0.27178,19.54,-32.6,False
1151,0.02712,0.20092,17.53,-39.5,False
875,0.02712,0.20092,17.53,-39.5,False
208,0.02712,0.16635,20.75,-28.4,False
1785,0.02712,0.21323,16.67,-42.5,False
1602,0.02712,0.20862,27.11,-6.5,False
627,0.02713,0.15299,23.89,-17.6,False
1779,0.02713,0.23145,45.64,57.4,False
414,0.02713,0.20933,23.68,-18.3,False
973,0.02713,0.2277,32.76,13.0,False
1804,0.02714,0.2061,26.66,-8.1,False
36,0.02714,0.18174,20.07,-30.8,False
174,0.02714,0.19052,25.99,-10.4,False
411,0.02714,0.2061,26.66,-8.1,False
1315,0.02714,0.18174,20.07,-30.8,False
183,0.02714,0.22467,24.79,-14.5,False
2095,0.02714,0.1818,20.64,-28.8,False
1653,0.02714,0.22606,20.92,-27.8,False
526,0.02714,0.17505,33.81,16.6,False
1241,0.02714,0.22467,24.79,-14.5,False
66,0.02715,0.26449,30.62,5.6,False
2212,0.02715,0.16836,22.3,-23.1,False
1464,0.02715,0.19477,12.72,-56.1,False
1122,0.02715,0.17798,14.61,-49.6,False
1084,0.02715,0.23209,24.37,-16.0,False
639,0.02715,0.14971,29.76,2.6,True
8,0.02715,0.20954,41.56,43.3,False
1998,0.02715,0.21108,25.81,-11.0,False
2338,0.02716,0.18788,22.09,-23.8,False
1988,0.02716,0.20774,25.23,-13.0,False
1974,0.02717,0.20653,23.29,-19.7,False
337,0.02717,0.21186,11.69,-59.7,False
2316,0.02717,0.20692,28.97,-0.1,False
622,0.02717,0.21336,27.48,-5.2,False
673,0.02717,0.25581,20.65,-28.8,False
150,0.02717,0.17465,25.36,-12.5,False
1763,0.02718,0.25628,41.04,41.6,False
1572,0.02718,0.26885,13.74,-52.6,False
644,0.02718,0.19915,20.68,-28.7,False
741,0.02718,0.19649,15.77,-45.6,False
1435,0.02718,0.20233,15.1,-47.9,False
285,0.02718,0.19472,16.1,-44.5,False
1712,0.02718,0.17331,21.81,-24.8,False
250,0.02719,0.16699,24.65,-15.0,False
1772,0.02719,0.18309,26.1,-10.0,False
1168,0.02719,0.18074,27.11,-6.5,False
709,0.02719,0.20809,19.6,-32.4,False
194,0.0272,0.23653,29.24,0.9,False
1588,0.0272,0.23731,37.37,28.9,False
1836,0.0272,0.19366,16.09,-44.5,False
1604,0.0272,0.17228,20.71,-28.6,False
329,0.0272,0.18051,17.97,-38.0,False
1138,0.0272,0.19227,16.81,-42.0,False
167,0.0272,0.19765,17.17,-40.8,False
970,0.0272,0.18428,16.87,-41.8,False
916,0.02721,0.20475,24.91,-14.1,False
493,0.02721,0.21619,28.49,-1.7,False
2092,0.02721,0.23764,27.83,-4.0,False
381,0.02721,0.18448,16.56,-42.9,False
1569,0.02721,0.18843,23.33,-19.5,False
1768,0.02721,0.23764,27.83,-4.0,False
515,0.02721,0.18666,29.92,3.2,False
232,0.02721,0.20899,15.77,-45.6,False
883,0.02721,0.1968,24.24,-16.4,False
237,0.02721,0.19616,33.14,14.3,False
72,0.02721,0.16647,24.7,-14.8,False
2177,0.02721,0.19668,27.37,-5.6,False
1709,0.02721,0.20911,26.94,-7.1,False
1997,0.02722,0.23614,27.53,-5.0,False
196,0.02722,0.1833,16.78,-42.1,False
798,0.02722,0.22646,18.09,-37.6,False
52,0.02722,0.20107,24.93,-14.0,False
1518,0.02722,0.22646,18.09,-37.6,False
1887,0.02722,0.21644,27.64,-4.7,False
465,0.02723,0.1679,22.75,-21.5,False
2160,0.02723,0.20646,14.67,-49.4,False
1808,0.02723,0.26357,38.96,34.4,False
38,0.02723,0.21201,25.03,-13.7,False
1229,0.02723,0.2025,14.15,-51.2,False
2215,0.02723,0.19092,24.59,-15.2,False
1649,0.02723,0.20646,14.67,-49.4,False
1073,0.02723,0.2096,20.99,-27.6,False
242,0.02723,0.17659,23.61,-18.6,False
1329,0.02723,0.21473,21.46,-26.0,False
2303,0.02723,0.20646,14.67,-49.4,False
832,0.02723,0.18435,26.53,-8.5,False
2284,0.02723,0.20237,22.23,-23.3,False
1128,0.02723,0.19485,22.93,-20.9,False
540,0.02723,0.20646,14.67,-49.4,False
2155,0.02724,0.21606,19.18,-33.8,False
1786,0.02724,0.24837,21.19,-26.9,False
834,0.02724,0.24336,30.69,5.9,False
1681,0.02724,0.18032,30.69,5.9,False
751,0.02724,0.18176,28.72,-0.9,False
1917,0.02724,0.18943,14.77,-49.1,False
1474,0.02724,0.17651,15.76,-45.6,False
101,0.02724,0.19826,17.94,-38.1,False
1893,0.02724,0.27608,37.45,29.2,False
2084,0.02724,0.19053,24.98,-13.8,False
1909,0.02724,0.17631,24.76,-14.6,False
325,0.02725,0.17996,26.78,-7.6,False
484,0.02725,0.22121,11.06,-61.8,False
1427,0.02725,0.22121,11.06,-61.8,False
154,0.02725,0.21272,28.01,-3.4,False
990,0.02725,0.16796,19.43,-33.0,False
172,0.02725,0.22077,17.31,-40.3,False
1958,0.02725,0.19977,17.21,-40.6,False
2111,0.02726,0.19303,31.13,7.4,False
2334,0.02726,0.20639,16.92,-41.6,False
682,0.02726,0.24985,41.94,44.7,False
264,0.02726,0.20025,20.53,-29.2,False
1854,0.02726,0.20025,20.53,-29.2,False
692,0.02726,0.16865,21.57,-25.6,False
2038,0.02726,0.24035,24.29,-16.2,False
483,0.02727,0.18181,24.52,-15.4,False
582,0.02727,0.21091,21.57,-25.6,False
90,0.02727,0.18181,24.52,-15.4,False
949,0.02727,0.23086,17.76,-38.7,False
502,0.02727,0.23086,17.76,-38.7,False
505,0.02727,0.18955,16.98,-41.4,False
2320,0.02727,0.20236,20.01,-31.0,False
881,0.02727,0.23728,24.23,-16.4,False
910,0.02727,0.24316,29.44,1.5,False
2140,0.02727,0.20121,21.82,-24.7,False
1618,0.02727,0.23728,24.23,-16.4,False
1416,0.02728,0.17514,30.21,4.2,False
1927,0.02728,0.13508,28.1,-3.1,True
1939,0.02728,0.22009,26.98,-6.9,False
1651,0.02728,0.15692,21.47,-26.0,False
1242,0.02728,0.21733,26.37,-9.0,False
2189,0.02728,0.16667,25.82,-10.9,False
1025,0.02728,0.22496,26.41,-8.9,False
713,0.02729,0.23236,23.66,-18.4,False
187,0.02729,0.25037,30.6,5.5,False
1931,0.02729,0.26276,12.43,-57.1,False
1915,0.02729,0.21664,27.21,-6.1,False
1593,0.02729,0.23932,38.28,32.0,False
1199,0.02729,0.18698,28.77,-0.8,False
1109,0.02729,0.19704,17.62,-39.2,False
2360,0.02729,0.20161,22.08,-23.8,False
296,0.02729,0.18698,28.77,-0.8,False
240,0.02729,0.19335,27.98,-3.5,False
2359,0.02729,0.15541,22.18,-23.5,False
1469,0.02729,0.21664,27.21,-6.1,False
2045,0.02729,0.20161,22.08,-23.8,False
566,0.02729,0.18698,28.77,-0.8,False
1533,0.0273,0.15969,24.52,-15.4,False
938,0.0273,0.25742,13.07,-54.9,False
42,0.0273,0.1997,20.87,-28.0,False
2391,0.0273,0.17188,16.35,-43.6,False
796,0.0273,0.20685,18.45,-36.4,False
82,0.0273,0.18817,21.05,-27.4,False
748,0.0273,0.20198,24.89,-14.2,False
1297,0.0273,0.21029,37.44,29.2,False
1684,0.0273,0.26186,42.08,45.2,False
441,0.0273,0.25197,18.58,-35.9,False
1167,0.0273,0.21029,37.44,29.2,False
1573,0.0273,0.18817,21.05,-27.4,False
454,0.0273,0.25179,25.28,-12.8,False
1045,0.02731,0.21167,28.47,-1.8,False
821,0.02731,0.19923,17.04,-41.2,False
852,0.02731,0.22414,25.71,-11.3,False
1978,0.02731,0.1937,24.23,-16.4,False
1001,0.02731,0.23332,44.57,53.7,False
1160,0.02731,0.23993,36.56,26.1,False
1311,0.02731,0.18576,35.03,20.8,False
2350,0.02731,0.18735,25.99,-10.3,False
338,0.02731,0.19029,14.28,-50.7,False
262,0.02731,0.20934,16.96,-41.5,False
1260,0.02731,0.22694,25.07,-13.5,False
2166,0.02731,0.21772,28.43,-1.9,False
496,0.02732,0.1534,28.38,-2.1,False
2395,0.02732,0.20094,21.23,-26.8,False
951,0.02732,0.20545,25.59,-11.7,False
278,0.02732,0.20094,21.23,-26.8,False
2055,0.02732,0.25059,39.62,36.7,False
73,0.02732,0.25059,39.62,36.7,False
1239,0.02732,0.17228,15.44,-46.7,False
1770,0.02733,0.28278,38.2,31.8,False
641,0.02733,0.20343,33.06,14.1,False
568,0.02733,0.15646,13.81,-52.4,False
1693,0.02733,0.17189,29.33,1.2,False
1711,0.02733,0.19033,33.98,17.2,False
2094,0.02733,0.18982,23.25,-19.8,False
1077,0.02733,0.18982,23.25,-19.8,False
610,0.02733,0.22479,28.36,-2.2,False
2307,0.02733,0.22228,22.86,-21.1,False
788,0.02734,0.15884,24.9,-14.1,False
2073,0.02734,0.21465,17.96,-38.0,False
2257,0.02734,0.21104,26.35,-9.1,False
2060,0.02734,0.15538,20.21,-30.3,False
930,0.02734,0.21104,26.35,-9.1,False
5,0.02734,0.19229,30.02,3.6,False
226,0.02734,0.16151,25.06,-13.6,False
1026,0.02734,0.23589,41.7,43.9,False
757,0.02734,0.24411,24.06,-17.0,False
969,0.02734,0.22794,20.87,-28.0,False
63,0.02734,0.18177,16.93,-41.6,False
346,0.02735,0.2503,39.94,37.8,False
302,0.02735,0.25511,40.21,38.7,False
456,0.02735,0.18863,31.54,8.8,False
1463,0.02735,0.1862,31.27,7.9,False
2103,0.02735,0.26371,26.87,-7.3,False
839,0.02735,0.18842,16.56,-42.9,False
1590,0.02735,0.22454,36.71,26.6,False
2056,0.02735,0.19122,27.29,-5.9,False
1483,0.02735,0.23487,14.13,-51.2,False
2353,0.02735,0.25207,20.76,-28.4,False
638,0.02735,0.19606,19.01,-34.4,False
166,0.02735,0.19084,27.49,-5.2,False
384,0.02735,0.26269,11.93,-58.8,False
300,0.02735,0.18863,31.54,8.8,False
2138,0.02736,0.19857,32.96,13.7,False
25,0.02736,0.16313,29.48,1.7,False
416,0.02736,0.23943,16.01,-44.8,False
1487,0.02736,0.20511,23.6,-18.6,False
783,0.02736,0.2371,10.94,-62.3,False
492,0.02736,0.21099,26.29,-9.3,False
1679,0.02736,0.20227,31.24,7.8,False
436,0.02736,0.24161,36.63,26.4,False
917,0.02736,0.16313,29.48,1.7,False
121,0.02737,0.24419,21.23,-26.8,False
585,0.02737,0.24479,23.01,-20.6,False
1826,0.02737,0.23283,33.27,14.8,False
1075,0.02737,0.20509,16.85,-41.9,False
652,0.02737,0.2021,30.17,4.1,False
993,0.02737,0.23573,22.21,-23.4,False
2264,0.02737,0.19517,28.61,-1.3,False
1135,0.02737,0.22817,27.99,-3.4,False
1892,0.02737,0.21147,22.59,-22.1,False
378,0.02737,0.21046,28.22,-2.6,False
97,0.02737,0.14827,24.9,-14.1,False
841,0.02738,0.21464,25.42,-12.3,False
1819,0.02738,0.18056,20.87,-28.0,False
2110,0.02738,0.18056,20.87,-28.0,False
368,0.02738,0.21858,19.95,-31.2,False
1620,0.02738,0.20943,22.62,-22.0,False
869,0.02738,0.1955,17.34,-40.2,False
200,0.02738,0.20822,37.57,29.6,False
1950,0.02738,0.17928,28.04,-3.3,False
619,0.02738,0.23572,23.04,-20.5,False
856,0.02738,0.18147,21.87,-24.5,False
124,0.02738,0.21858,19.95,-31.2,False
1807,0.02739,0.21114,38.84,34.0,False
522,0.02739,0.21706,23.45,-19.1,False
2062,0.02739,0.21809,21.87,-24.6,False
2159,0.02739,0.20284,38.04,31.2,False
1079,0.02739,0.18218,17.48,-39.7,False
573,0.02739,0.22601,35.97,24.1,False
2275,0.02739,0.21788,24.78,-14.5,False
532,0.02739,0.21816,24.79,-14.5,False
1390,0.02739,0.19202,28.76,-0.8,False
1288,0.02739,0.20473,26.16,-9.8,False
156,0.02739,0.24064,41.35,42.6,False
1806,0.02739,0.14903,19.59,-32.4,False
1615,0.0274,0.1982,28.01,-3.4,False
1389,0.0274,0.2388,25.75,-11.2,False
1178,0.0274,0.18778,24.68,-14.9,False
1722,0.0274,0.21154,26.08,-10.0,False
1432,0.0274,0.22454,25.7,-11.4,False
1458,0.0274,0.2056,17.64,-39.2,False
1784,0.0274,0.25017,29.39,1.4,False
2192,0.02741,0.25866,12.29,-57.6,False
1948,0.02741,0.17247,28.29,-2.4,False
452,0.02741,0.19048,25.03,-13.7,False
1264,0.02741,0.19697,31.92,10.1,False
1756,0.02741,0.20559,17.67,-39.1,False
2027,0.02741,0.17247,28.29,-2.4,False
1383,0.02741,0.22535,22.61,-22.0,False
31,0.02741,0.1959,19.65,-32.2,False
635,0.02741,0.1959,19.65,-32.2,False
960,0.02742,0.17047,20.94,-27.8,False
793,0.02742,0.19224,17.28,-40.4,False
781,0.02742,0.21715,23.71,-18.2,False
1104,0.02742,0.13874,22.41,-22.7,False
1973,0.02742,0.19776,29.63,2.2,False
2234,0.02743,0.19265,28.59,-1.4,False
527,0.02743,0.1914,24.19,-16.6,False
310,0.02743,0.22974,38.36,32.3,False
1111,0.02743,0.22974,38.36,32.3,False
1787,0.02743,0.22975,22.3,-23.1,False
2357,0.02743,0.23343,18.56,-36.0,False
1866,0.02743,0.22975,22.3,-23.1,False
1409,0.02744,0.18896,20.61,-28.9,False
890,0.02744,0.2152,26.58,-8.3,False
1299,0.02744,0.16107,21.87,-24.6,False
2097,0.02744,0.27452,22.1,-23.8,False
224,0.02744,0.20504,38.52,32.9,False
858,0.02744,0.23455,8.17,-71.8,False
812,0.02744,0.24279,35.35,21.9,False
742,0.02744,0.20677,17.9,-38.3,False
210,0.02744,0.17244,24.52,-15.4,False
2319,0.02744,0.22455,29.96,3.3,False
129,0.02744,0.20395,12.39,-57.3,False
2067,0.02744,0.16107,21.87,-24.6,False
992,0.02744,0.17662,25.52,-12.0,False
2381,0.02745,0.19631,17.61,-39.2,False
1599,0.02745,0.18832,33.06,14.0,False
1266,0.02745,0.20336,21.45,-26.0,False
1060,0.02745,0.26139,27.42,-5.4,False
2071,0.02746,0.21919,32.09,10.7,False
403,0.02746,0.22759,13.78,-52.5,False
1720,0.02746,0.19869,18.41,-36.5,False
606,0.02746,0.19055,30.23,4.3,False
1408,0.02746,0.17082,25.3,-12.7,False
2201,0.02746,0.17753,23.6,-18.6,False
1419,0.02746,0.25315,28.6,-1.3,False
1294,0.02746,0.20688,25.87,-10.8,False
46,0.02747,0.21198,29.04,0.2,False
900,0.02747,0.24631,11.2,-61.3,False
688,0.02747,0.15972,23.04,-20.5,False
2001,0.02747,0.16533,14.62,-49.6,False
1381,0.02747,0.24631,11.2,-61.3,False
2024,0.02747,0.21198,29.04,0.2,False
710,0.02747,0.24631,11.2,-61.3,False
1174,0.02747,0.17769,15.32,-47.1,False
895,0.02747,0.18725,26.52,-8.5,False
1220,0.02747,0.21981,20.93,-27.8,False
1578,0.02747,0.17976,17.96,-38.0,False
723,0.02747,0.1914,17.25,-40.5,False
702,0.02747,0.21347,25.21,-13.0,False
1320,0.02747,0.23988,11.29,-61.1,False
1904,0.02748,0.21914,13.65,-52.9,False
2020,0.02748,0.16049,32.66,12.7,False
1524,0.02748,0.16313,30.51,5.2,False
1033,0.02748,0.24213,34.75,19.9,False
356,0.02748,0.20345,20.74,-28.5,False
1921,0.02748,0.24213,34.75,19.9,False
209,0.02748,0.18588,13.54,-53.3,False
320,0.02748,0.20263,25.22,-13.0,False
863,0.02748,0.22683,30.87,6.5,False
1076,0.02748,0.16332,25.32,-12.7,False
1103,0.02749,0.1941,18.53,-36.1,False
507,0.02749,0.19401,34.9,20.4,False
1037,0.02749,0.28519,21.76,-24.9,False
443,0.02749,0.22957,10.0,-65.5,False
1477,0.02749,0.13217,30.4,4.9,True
1345,0.02749,0.19284,15.98,-44.9,False
645,0.02749,0.20629,15.31,-47.2,False
761,0.02749,0.21661,42.02,44.9,False
312,0.02749,0.21932,13.88,-52.1,False
1342,0.02749,0.20862,25.84,-10.9,False
1261,0.02749,0.24096,41.89,44.5,False
271,0.02749,0.19698,17.43,-39.9,False
597,0.0275,0.16304,17.48,-39.7,False
4,0.0275,0.21023,15.77,-45.6,False
1016,0.0275,0.22253,22.08,-23.9,False
1388,0.0275,0.16551,27.76,-4.2,False
1752,0.0275,0.20238,31.11,7.3,False
731,0.0275,0.15998,23.81,-17.9,False
609,0.0275,0.22253,22.08,-23.9,False
137,0.0275,0.23078,23.84,-17.8,False
179,0.0275,0.20238,31.11,7.3,False
1667,0.0275,0.1704,16.24,-44.0,False
977,0.0275,0.18049,28.96,-0.1,False
438,0.0275,0.16328,26.3,-9.3,False
2158,0.0275,0.22814,20.78,-28.3,False
1312,0.0275,0.1981,20.55,-29.1,False
135,0.0275,0.18854,33.11,14.2,False
633,0.0275,0.20183,16.82,-42.0,False
2361,0.02751,0.18242,26.56,-8.4,False
1120,0.02751,0.23707,11.25,-61.2,False
1177,0.02751,0.20262,17.81,-38.6,False
1648,0.02751,0.19258,32.82,13.2,False
399,0.02751,0.19258,32.82,13.2,False
604,0.02751,0.23644,33.97,17.2,False
2139,0.02751,0.16628,17.56,-39.4,False
19,0.02752,0.20345,33.62,16.0,False
565,0.02752,0.19342,16.38,-43.5,False
1510,0.02752,0.16037,19.25,-33.6,False
539,0.02752,0.18348,21.49,-25.9,False
45,0.02752,0.24912,37.14,28.1,False
2117,0.02752,0.20677,24.74,-14.7,False
1932,0.02752,0.15425,26.17,-9.7,False
3,0.02752,0.17885,15.37,-47.0,False
291,0.02752,0.19183,25.41,-12.4,False
1129,0.02752,0.15815,18.69,-35.5,False
1798,0.02752,0.24018,20.37,-29.8,False
1473,0.02752,0.20911,33.48,15.5,False
14,0.02752,0.20487,15.97,-44.9,False
1899,0.02753,0.24708,39.27,35.5,False
1748,0.02753,0.24459,29.66,2.3,False
1327,0.02753,0.21441,18.94,-34.7,False
1081,0.02753,0.21227,21.95,-24.3,False
1106,0.02753,0.24708,39.27,35.5,False
779,0.02753,0.18337,17.5,-39.6,False
1611,0.02753,0.12433,27.8,-4.1,True
425,0.02753,0.20984,28.96,-0.1,False
1227,0.02753,0.18337,17.5,-39.6,False
1003,0.02753,0.19698,21.0,-27.6,False
314,0.02753,0.27542,22.17,-23.5,False
864,0.02753,0.24625,21.17,-27.0,False
537,0.02753,0.27616,37.87,30.6,False
281,0.02753,0.29657,21.07,-27.3,False
280,0.02753,0.20597,26.33,-9.2,False
158,0.02753,0.15167,30.07,3.7,False
591,0.02753,0.1656,23.45,-19.1,False
59,0.02754,0.14921,24.36,-16.0,False
1962,0.02754,0.23116,9.26,-68.1,False
427,0.02754,0.26082,12.2,-57.9,False
1922,0.02754,0.17388,29.98,3.4,False
1715,0.02754,0.20652,26.98,-6.9,False
1924,0.02754,0.18732,16.41,-43.4,False
1629,0.02754,0.22745,8.75,-69.8,False
128,0.02754,0.16381,20.62,-28.9,False
2087,0.02754,0.25679,21.57,-25.6,False
616,0.02754,0.20472,21.31,-26.5,False
706,0.02754,0.20888,13.11,-54.8,False
767,0.02754,0.23043,33.5,15.6,False
1986,0.02754,0.25734,22.39,-22.8,False
851,0.02754,0.17236,14.67,-49.4,False
1407,0.02754,0.22745,8.75,-69.8,False
282,0.02754,0.20163,24.24,-16.4,False
1123,0.02754,0.20383,28.84,-0.5,False
605,0.02755,0.14613,30.26,4.4,False
1586,0.02755,0.21984,28.08,-3.1,False
1304,0.02755,0.23438,17.04,-41.2,False
1503,0.02755,0.23877,22.79,-21.4,False
364,0.02755,0.23038,9.37,-67.7,False
1465,0.02755,0.19721,26.09,-10.0,False
620,0.02755,0.17249,16.43,-43.3,False
714,0.02755,0.19175,23.52,-18.9,False
488,0.02755,0.17163,24.53,-15.4,False
1864,0.02755,0.18282,32.24,11.2,False
547,0.02755,0.21984,28.08,-3.1,False
997,0.02755,0.22006,24.86,-14.2,False
1842,0.02755,0.19175,23.52,-18.9,False
476,0.02755,0.18978,16.7,-42.4,False
1137,0.02755,0.19149,28.18,-2.8,False
724,0.02755,0.15308,19.59,-32.4,False
1516,0.02755,0.24619,25.8,-11.0,False
1357,0.02756,0.1807,26.37,-9.0,False
1337,0.02756,0.17612,21.3,-26.5,False
1002,0.02756,0.19212,23.22,-19.9,False
151,0.02756,0.14184,22.16,-23.6,False
911,0.02756,0.21251,23.34,-19.5,False
1258,0.02756,0.17612,21.3,-26.5,False
2209,0.02756,0.22627,18.22,-37.2,False
1800,0.02756,0.25086,38.35,32.3,False
70,0.02756,0.19436,16.16,-44.3,False
583,0.02756,0.22147,23.1,-20.3,False
449,0.02756,0.2114,23.39,-19.3,False
893,0.02756,0.12018,29.74,2.6,True
1775,0.02756,0.12018,29.74,2.6,False
373,0.02756,0.17612,21.3,-26.5,False
369,0.02756,0.20513,18.18,-37.3,False
323,0.02756,0.20513,18.18,-37.3,False
402,0.02756,0.20513,18.18,-37.3,False
85,0.02756,0.17463,29.25,0.9,False
631,0.02756,0.17612,21.3,-26.5,False
1099,0.02757,0.25746,12.77,-55.9,False
1460,0.02757,0.29512,20.65,-28.8,False
2070,0.02757,0.25183,33.54,15.7,False
1396,0.02757,0.2216,19.9,-31.4,False
318,0.02757,0.2216,19.9,-31.4,False
287,0.02757,0.2562,20.68,-28.7,False
353,0.02757,0.18108,28.55,-1.5,False
1165,0.02757,0.20298,14.21,-51.0,False
251,0.02757,0.19629,12.28,-57.6,False
1509,0.02757,0.15514,12.68,-56.2,False
789,0.02757,0.19588,31.3,8.0,False
1863,0.02757,0.18582,21.87,-24.6,False
2004,0.02758,0.18923,23.3,-19.6,False
1769,0.02758,0.20007,14.86,-48.7,False
420,0.02758,0.18804,24.51,-15.4,False
543,0.02758,0.24017,26.48,-8.7,False
1765,0.02758,0.19199,17.84,-38.5,False
1849,0.02758,0.16654,17.47,-39.8,False
1468,0.02758,0.16027,25.09,-13.4,False
679,0.02758,0.22296,33.07,14.1,False
1898,0.02758,0.19336,40.47,39.6,False
2367,0.02759,0.23373,19.24,-33.6,False
27,0.02759,0.16506,14.41,-50.3,False
2104,0.02759,0.20447,17.5,-39.6,False
147,0.02759,0.19115,14.76,-49.1,False
892,0.02759,0.21284,23.64,-18.5,False
501,0.02759,0.25738,40.3,39.0,False
503,0.02759,0.22045,12.89,-55.5,False
1349,0.02759,0.19794,27.8,-4.1,False
549,0.02759,0.15936,17.24,-40.5,False
2026,0.02759,0.162,17.59,-39.3,False
1185,0.02759,0.26603,17.71,-38.9,False
982,0.02759,0.22558,38.15,31.6,False
248,0.02759,0.162,17.59,-39.3,False
2232,0.02759,0.20447,17.5,-39.6,False
1603,0.02759,0.21284,23.64,-18.5,False
83,0.02759,0.25738,40.3,39.0,False
2269,0.02759,0.25738,40.3,39.0,False
1490,0.02759,0.24703,25.5,-12.0,False
562,0.0276,0.16985,30.67,5.8,False
1400,0.0276,0.25091,22.64,-21.9,False
2211,0.0276,0.15185,16.98,-41.4,False
1450,0.02761,0.23028,29.87,3.0,False
435,0.02761,0.17247,16.95,-41.5,False
1485,0.02761,0.16239,17.7,-39.0,False
1336,0.02761,0.24601,32.87,13.4,False
313,0.02761,0.18023,33.75,16.4,False
1809,0.02761,0.21549,10.96,-62.2,False
531,0.02761,0.2104,28.58,-1.4,False
1348,0.02761,0.24866,25.88,-10.7,False
2225,0.02761,0.25371,40.13,38.4,False
2283,0.02761,0.1919,24.48,-15.6,False
1936,0.02761,0.23189,12.55,-56.7,False
81,0.02761,0.26001,13.7,-52.7,False
818,0.02761,0.23375,25.22,-13.0,False
136,0.02762,0.22915,9.93,-65.8,False
390,0.02762,0.23248,28.65,-1.2,False
1009,0.02762,0.23927,22.99,-20.7,False
2330,0.02762,0.17624,26.96,-7.0,False
1507,0.02762,0.21848,30.04,3.6,False
2339,0.02762,0.25755,10.16,-65.0,False
1015,0.02762,0.22694,11.61,-59.9,False
255,0.02762,0.22802,22.88,-21.1,False
1638,0.02762,0.17706,21.98,-24.2,False
1350,0.02762,0.23937,32.05,10.6,False
155,0.02762,0.23724,20.04,-30.9,False
1733,0.02762,0.20171,40.86,40.9,False
1358,0.02762,0.19598,24.91,-14.1,False
815,0.02762,0.20911,16.27,-43.9,False
1006,0.02762,0.20363,15.08,-48.0,False
2141,0.02763,0.2196,28.88,-0.4,False
2079,0.02763,0.20125,22.95,-20.8,False
276,0.02763,0.19755,16.2,-44.1,False
269,0.02763,0.15277,13.62,-53.0,False
1082,0.02763,0.23335,34.51,19.0,False
1292,0.02763,0.21597,22.44,-22.6,False
1577,0.02763,0.22758,23.98,-17.3,False
1059,0.02764,0.1859,21.76,-24.9,False
2112,0.02764,0.19956,22.59,-22.1,False
249,0.02764,0.22923,18.24,-37.1,False
182,0.02764,0.17672,33.16,14.4,False
1565,0.02764,0.19393,31.86,9.9,False
1537,0.02764,0.16455,17.4,-40.0,False
1634,0.02764,0.2619,23.97,-17.3,False
2132,0.02764,0.2619,23.97,-17.3,False
2165,0.02764,0.19835,15.88,-45.2,False
11,0.02764,0.22573,18.66,-35.6,False
828,0.02765,0.18505,26.66,-8.0,False
560,0.02765,0.17609,22.3,-23.1,False
2365,0.02765,0.21414,17.99,-38.0,False
133,0.02765,0.28041,24.9,-14.1,False
47,0.02765,0.17758,25.4,-12.4,False
175,0.02765,0.25938,21.83,-24.7,False
2247,0.02765,0.1894,21.98,-24.2,False
1091,0.02765,0.20508,28.18,-2.8,False
699,0.02765,0.22217,28.7,-1.0,False
2107,0.02765,0.25155,11.75,-59.5,False
164,0.02765,0.2164,12.99,-55.2,False
442,0.02765,0.28041,24.9,-14.1,False
1855,0.02765,0.19846,21.71,-25.1,False
497,0.02765,0.20838,11.93,-58.9,False
87,0.02766,0.20518,22.07,-23.9,False
1964,0.02766,0.18088,27.9,-3.7,False
1011,0.02766,0.20983,14.63,-49.5,False
247,0.02766,0.20952,29.65,2.3,False
2292,0.02766,0.2109,25.77,-11.1,False
1146,0.02766,0.20887,16.15,-44.3,False
1820,0.02766,0.20518,22.07,-23.9,False
2065,0.02766,0.20997,27.15,-6.3,False
542,0.02766,0.17037,20.65,-28.8,False
272,0.02767,0.23271,23.41,-19.3,False
1502,0.02767,0.19358,25.53,-11.9,False
1853,0.02767,0.17317,21.63,-25.4,False
2081,0.02767,0.16372,27.88,-3.8,False
877,0.02767,0.18911,28.78,-0.7,False
1848,0.02767,0.25133,36.25,25.0,False
499,0.02767,0.1464,23.94,-17.4,False
39,0.02767,0.22452,14.45,-50.2,False
979,0.02767,0.12348,29.41,1.4,False
1758,0.02767,0.18248,22.47,-22.5,False
2323,0.02767,0.17317,21.63,-25.4,False
1333,0.02767,0.23616,19.59,-32.4,False
662,0.02767,0.23271,23.41,-19.3,False
956,0.02767,0.18248,22.47,-22.5,False
525,0.02767,0.26915,26.91,-7.2,False
1289,0.02768,0.21898,27.9,-3.8,False
2191,0.02768,0.18094,15.13,-47.8,False
589,0.02768,0.20844,24.37,-15.9,False
1291,0.02768,0.23163,23.75,-18.1,False
1070,0.02768,0.23025,9.31,-67.9,False
1689,0.02768,0.14529,19.66,-32.2,False
1991,0.02768,0.18054,27.54,-5.0,False
2040,0.02769,0.20767,21.73,-25.0,False
513,0.02769,0.22015,15.2,-47.6,False
1645,0.02769,0.22927,25.01,-13.7,False
1256,0.02769,0.18404,20.51,-29.2,False
18,0.02769,0.26742,16.26,-43.9,False
1344,0.02769,0.16561,16.63,-42.6,False
913,0.02769,0.15985,18.53,-36.1,False
1495,0.02769,0.18212,30.97,6.8,False
1923,0.0277,0.22809,18.71,-35.5,False
2207,0.0277,0.24132,38.37,32.4,False
918,0.0277,0.2512,19.17,-33.9,False
535,0.0277,0.23567,32.38,11.7,False
536,0.0277,0.19403,17.15,-40.8,False
1816,0.0277,0.21269,18.88,-34.9,False
1219,0.0277,0.24449,9.46,-67.4,False
847,0.0277,0.18078,16.78,-42.1,False
1366,0.0277,0.18622,23.93,-17.5,False
825,0.0277,0.16592,26.33,-9.2,False
958,0.0277,0.21737,15.09,-47.9,False
1042,0.0277,0.24449,9.46,-67.4,False
123,0.02771,0.21276,29.93,3.2,False
1954,0.02771,0.1712,26.19,-9.6,False
2208,0.02771,0.1676,16.76,-42.2,False
112,0.02771,0.19913,16.9,-41.7,False
227,0.02771,0.1712,26.19,-9.6,False
1698,0.02771,0.1712,26.19,-9.6,False
2028,0.02771,0.1712,26.19,-9.6,False
939,0.02771,0.21134,45.05,55.4,False
215,0.02771,0.15821,23.91,-17.5,False
2266,0.02771,0.18609,15.05,-48.1,False
1782,0.02772,0.21856,31.67,9.3,False
1050,0.02772,0.16709,20.64,-28.8,False
508,0.02772,0.17677,21.59,-25.5,False
697,0.02772,0.19503,12.77,-56.0,False
110,0.02772,0.14682,22.53,-22.3,False
665,0.02772,0.23562,32.73,12.9,False
1531,0.02772,0.21243,13.32,-54.0,False
1995,0.02772,0.12633,19.68,-32.1,False
1391,0.02772,0.23821,20.67,-28.7,False
2017,0.02772,0.20686,8.93,-69.2,False
2037,0.02772,0.17416,27.2,-6.2,False
1657,0.02772,0.16709,20.64,-28.8,False
2214,0.02773,0.18709,23.37,-19.4,False
1478,0.02773,0.20944,21.21,-26.8,False
1065,0.02773,0.24956,15.26,-47.4,False
698,0.02773,0.24453,10.68,-63.2,False
2219,0.02773,0.19577,15.94,-45.0,False
2263,0.02773,0.24453,10.68,-63.2,False
826,0.02773,0.19586,23.14,-20.2,False
334,0.02773,0.19586,23.14,-20.2,False
888,0.02773,0.24735,24.51,-15.5,False
1640,0.02773,0.22677,14.75,-49.1,False
1298,0.02773,0.21494,24.12,-16.8,False
1195,0.02773,0.17651,16.24,-44.0,False
401,0.02773,0.17651,16.24,-44.0,False
400,0.02773,0.24145,13.07,-54.9,False
2183,0.02773,0.21206,17.95,-38.1,False
686,0.02773,0.17117,21.42,-26.1,False
2351,0.02774,0.23786,11.06,-61.9,False
603,0.02774,0.22216,16.3,-43.8,False
1426,0.02774,0.25326,39.65,36.8,False
831,0.02774,0.24142,23.49,-19.0,False
719,0.02775,0.23854,11.09,-61.8,False
201,0.02775,0.12959,29.14,0.5,False
1699,0.02775,0.2071,28.24,-2.6,False
1066,0.02775,0.17234,26.07,-10.1,False
2280,0.02775,0.22115,23.45,-19.1,False
20,0.02775,0.21414,26.59,-8.3,False
1990,0.02775,0.17234,26.07,-10.1,False
594,0.02775,0.17284,21.68,-25.2,False
1113,0.02775,0.20613,28.48,-1.7,False
347,0.02776,0.21443,18.19,-37.3,False
860,0.02776,0.1819,14.86,-48.7,False
341,0.02776,0.19412,26.92,-7.1,False
1098,0.02776,0.18141,39.58,36.5,False
463,0.02776,0.20035,20.27,-30.1,False
1554,0.02776,0.18913,26.61,-8.2,False
1475,0.02776,0.19506,27.64,-4.6,False
596,0.02776,0.19189,16.95,-41.5,False
571,0.02776,0.19902,21.34,-26.4,False
656,0.02776,0.18457,40.51,39.7,False
2193,0.02776,0.15395,23.4,-19.3,False
595,0.02776,0.20476,25.76,-11.2,False
1410,0.02777,0.21842,19.22,-33.7,False
728,0.02777,0.26097,21.43,-26.1,False
2231,0.02777,0.2505,10.7,-63.1,False
1686,0.02777,0.18184,15.99,-44.9,False
195,0.02777,0.22858,10.55,-63.6,False
2337,0.02777,0.23261,27.6,-4.8,False
259,0.02777,0.2505,10.7,-63.1,False
2085,0.02777,0.17041,16.39,-43.5,False
1236,0.02778,0.23251,40.16,38.5,False
974,0.02778,0.21021,15.9,-45.1,False
1637,0.02778,0.15238,32.82,13.2,False
1746,0.02778,0.17229,23.36,-19.4,False
1285,0.02778,0.21586,9.2,-68.3,False
1287,0.02778,0.2184,15.57,-46.3,False
1515,0.02778,0.21586,9.2,-68.3,False
721,0.02778,0.18407,29.43,1.5,False
2167,0.02778,0.23895,17.13,-40.9,False
252,0.02778,0.25465,25.12,-13.4,False
1794,0.02778,0.19974,19.56,-32.5,False
2009,0.02778,0.25465,25.12,-13.4,False
113,0.02778,0.2312,41.24,42.3,False
218,0.02778,0.2264,13.77,-52.5,False
1851,0.02779,0.2513,33.02,13.9,False
447,0.02779,0.16738,27.85,-3.9,False
1721,0.02779,0.20648,22.36,-22.9,False
115,0.02779,0.22471,10.21,-64.8,False
654,0.02779,0.22589,24.22,-16.5,False
1429,0.02779,0.27034,21.82,-24.7,False
2035,0.02779,0.23081,22.28,-23.2,False
1335,0.0278,0.21853,19.97,-31.1,False
778,0.0278,0.24917,17.25,-40.5,False
705,0.0278,0.22422,24.4,-15.8,False
56,0.0278,0.25527,25.29,-12.8,False
328,0.0278,0.18052,17.25,-40.5,False
233,0.0278,0.1961,15.86,-45.3,False
1783,0.0278,0.18613,16.96,-41.5,False
283,0.0278,0.21853,19.97,-31.1,False
44,0.0278,0.16864,22.71,-21.7,False
1114,0.0278,0.1987,27.24,-6.0,False
1658,0.0278,0.2334,11.79,-59.3,False
1118,0.0278,0.20513,27.88,-3.8,False
93,0.0278,0.1987,27.24,-6.0,False
159,0.0278,0.18935,17.51,-39.6,False
2373,0.0278,0.18447,22.89,-21.0,False
879,0.0278,0.18935,17.51,-39.6,False
546,0.02781,0.20547,18.13,-37.5,False
823,0.02781,0.19124,22.94,-20.9,False
51,0.02781,0.16762,24.91,-14.1,False
377,0.02781,0.24488,12.15,-58.1,False
1156,0.02781,0.22741,37.38,29.0,False
1840,0.02781,0.20359,12.64,-56.4,False
1212,0.02781,0.18589,38.16,31.6,False
580,0.02781,0.20172,17.04,-41.2,False
548,0.02781,0.24895,14.96,-48.4,False
2288,0.02781,0.16408,20.67,-28.7,False
1945,0.02781,0.18589,38.16,31.6,False
1581,0.02781,0.16129,22.11,-23.7,False
2164,0.02781,0.20172,17.04,-41.2,False
453,0.02781,0.22541,25.23,-13.0,False
2274,0.02781,0.16129,22.11,-23.7,False
730,0.02782,0.24456,24.32,-16.1,False
816,0.02782,0.22214,12.87,-55.6,False
429,0.02782,0.25187,12.51,-56.8,False
808,0.02782,0.19782,10.42,-64.1,False
994,0.02782,0.22725,11.23,-61.2,False
1753,0.02782,0.15454,33.96,17.1,False
111,0.02782,0.18389,18.66,-35.6,False
1557,0.02782,0.15454,33.96,17.1,False
739,0.02782,0.19614,17.23,-40.6,False
1953,0.02782,0.17795,24.53,-15.4,False
88,0.02782,0.17571,22.65,-21.9,False
2259,0.02782,0.2187,27.6,-4.8,False
1362,0.02782,0.15576,15.1,-47.9,False
1097,0.02782,0.17571,22.65,-21.9,False
457,0.02782,0.19355,20.22,-30.2,False
1012,0.02783,0.19322,26.56,-8.4,False
1901,0.02783,0.19021,16.63,-42.6,False
1589,0.02783,0.193,26.87,-7.3,False
1582,0.02783,0.25704,37.82,30.5,False
840,0.02783,0.22861,28.18,-2.8,False
1622,0.02783,0.22264,19.65,-32.2,False
1493,0.02783,0.20899,33.91,17.0,False
295,0.02783,0.22686,15.09,-48.0,False
244,0.02783,0.24373,29.95,3.3,False
1716,0.02783,0.24545,10.95,-62.2,False
1062,0.02783,0.22264,19.65,-32.2,False
235,0.02783,0.16635,18.0,-37.9,False
104,0.02783,0.20777,19.94,-31.2,False
1245,0.02783,0.16979,24.73,-14.7,False
23,0.02783,0.20911,28.44,-1.9,False
2066,0.02784,0.21333,37.13,28.1,False
419,0.02784,0.19485,22.27,-23.2,False
1116,0.02784,0.22563,10.48,-63.9,False
628,0.02784,0.19653,27.77,-4.2,False
712,0.02784,0.23699,18.86,-34.9,False
1211,0.02784,0.22911,7.97,-72.5,False
909,0.02784,0.19347,24.95,-13.9,False
1911,0.02784,0.19485,22.27,-23.2,False
1872,0.02784,0.23699,18.86,-34.9,False
899,0.02785,0.14983,32.53,12.2,False
964,0.02785,0.21322,26.22,-9.6,False
1934,0.02785,0.23912,20.71,-28.6,False
878,0.02785,0.23028,18.06,-37.7,False
163,0.02785,0.15937,24.33,-16.1,False
1918,0.02785,0.21493,22.66,-21.9,False
1295,0.02786,0.19616,26.65,-8.1,False
225,0.02786,0.2109,20.3,-30.0,False
1532,0.02786,0.15896,16.97,-41.5,False
165,0.02786,0.23816,30.57,5.5,False
311,0.02786,0.2109,20.3,-30.0,False
1373,0.02786,0.25513,21.59,-25.5,False
363,0.02786,0.21813,15.16,-47.7,False
746,0.02786,0.20507,24.81,-14.4,False
2313,0.02786,0.23104,17.4,-40.0,False
2327,0.02786,0.24771,14.11,-51.3,False
2253,0.02786,0.17416,23.7,-18.3,False
1205,0.02786,0.16994,23.99,-17.2,False
256,0.02786,0.15859,19.78,-31.8,False
661,0.02786,0.18082,21.29,-26.6,False
2178,0.02787,0.20912,25.71,-11.3,False
139,0.02787,0.17336,19.39,-33.1,False
1152,0.02787,0.20972,27.63,-4.7,False
1659,0.02787,0.20972,27.63,-4.7,False
646,0.02787,0.16573,15.81,-45.5,False
1323,0.02787,0.20048,26.23,-9.5,False
1999,0.02787,0.18778,19.72,-32.0,False
1172,0.02787,0.20459,12.79,-55.9,False
2238,0.02787,0.23307,21.01,-27.5,False
774,0.02787,0.16967,31.45,8.5,False
1272,0.02787,0.20512,16.96,-41.5,False
1494,0.02787,0.21394,19.82,-31.6,False
648,0.02788,0.24666,18.9,-34.8,False
299,0.02788,0.18343,11.63,-59.9,False
1644,0.02788,0.22004,14.33,-50.6,False
867,0.02788,0.16391,21.91,-24.4,False
711,0.02788,0.22195,40.85,40.9,False
1777,0.02788,0.21158,18.41,-36.5,False
1271,0.02788,0.1787,32.9,13.5,False
2383,0.02788,0.2422,10.44,-64.0,False
1796,0.02788,0.19505,19.74,-31.9,False
791,0.02788,0.19615,22.54,-22.3,False
6,0.02788,0.1392,30.49,5.2,False
1027,0.02788,0.1787,32.9,13.5,False
1884,0.02788,0.23546,23.7,-18.2,False
1100,0.02789,0.20614,10.51,-63.7,False
736,0.02789,0.22013,18.99,-34.5,False
1680,0.02789,0.23996,22.48,-22.5,False
2054,0.02789,0.15641,20.91,-27.9,False
12,0.02789,0.19565,35.41,22.2,False
2126,0.02789,0.22787,28.4,-2.0,False
1759,0.02789,0.23996,22.48,-22.5,False
1583,0.02789,0.24181,23.52,-18.9,False
1193,0.02789,0.22111,23.36,-19.4,False
1619,0.02789,0.19006,30.28,4.5,False
2229,0.02789,0.17768,15.14,-47.8,False
355,0.02789,0.22261,13.87,-52.2,False
188,0.02789,0.18157,19.83,-31.6,False
1595,0.0279,0.18597,19.15,-33.9,False
1920,0.0279,0.21587,18.61,-35.8,False
630,0.0279,0.26473,14.46,-50.1,False
161,0.0279,0.2681,10.52,-63.7,False
669,0.0279,0.22567,10.3,-64.5,False
2384,0.0279,0.22583,14.26,-50.8,False
1560,0.0279,0.22762,24.69,-14.8,False
1685,0.0279,0.21506,30.21,4.2,False
1476,0.0279,0.25623,26.44,-8.8,False
474,0.0279,0.24533,10.89,-62.4,False
572,0.0279,0.19672,27.71,-4.4,False
1024,0.0279,0.19719,27.48,-5.2,False
624,0.02791,0.22656,30.5,5.2,False
1080,0.02791,0.21292,9.33,-67.8,False
466,0.02791,0.19598,22.82,-21.3,False
386,0.02791,0.2332,14.12,-51.3,False
1633,0.02791,0.23681,17.43,-39.9,False
876,0.02791,0.2042,15.05,-48.1,False
2157,0.02791,0.20126,15.89,-45.2,False
431,0.02791,0.22593,30.09,3.8,False
2296,0.02791,0.17522,34.54,19.1,False
984,0.02791,0.20019,23.25,-19.8,False
1545,0.02791,0.2086,24.93,-14.0,False
1957,0.02791,0.20572,21.15,-27.1,False
776,0.02791,0.21292,9.33,-67.8,False
1788,0.02791,0.24405,15.61,-46.2,False
1729,0.02791,0.19444,20.52,-29.2,False
1708,0.02791,0.21743,16.5,-43.1,False
1107,0.02792,0.22075,47.56,64.1,False
2396,0.02792,0.22526,20.44,-29.5,False
145,0.02792,0.20341,24.16,-16.7,False
1214,0.02792,0.18947,28.86,-0.5,False
940,0.02792,0.20264,24.28,-16.2,False
1944,0.02792,0.2291,22.0,-24.1,False
1903,0.02792,0.22644,22.32,-23.0,False
1846,0.02792,0.17959,27.13,-6.4,False
1418,0.02792,0.2174,22.32,-23.0,False
753,0.02792,0.21343,32.06,10.6,False
2341,0.02792,0.20121,27.38,-5.5,False
1739,0.02792,0.17959,27.13,-6.4,False
2286,0.02792,0.22985,22.39,-22.8,False
2281,0.02792,0.23531,34.45,18.8,False
480,0.02793,0.20652,8.96,-69.1,False
1233,0.02793,0.1699,30.51,5.2,False
361,0.02793,0.24773,26.48,-8.6,False
1222,0.02793,0.19083,42.89,47.9,False
2228,0.02793,0.22331,27.14,-6.4,False
267,0.02793,0.25929,6.97,-76.0,False
1470,0.02793,0.19704,13.04,-55.0,False
684,0.02793,0.23791,15.41,-46.8,False
2358,0.02793,0.20652,8.96,-69.1,False
1459,0.02793,0.18543,23.26,-19.8,False
1371,0.02793,0.14006,30.2,4.2,False
716,0.02794,0.18629,14.04,-51.6,False
162,0.02794,0.18629,14.04,-51.6,False
763,0.02794,0.15869,15.71,-45.8,False
2136,0.02794,0.24048,13.0,-55.2,False
961,0.02794,0.1935,13.87,-52.1,False
1839,0.02794,0.17506,29.06,0.2,False
1246,0.02794,0.18629,14.04,-51.6,False
1314,0.02794,0.22388,29.1,0.4,False
486,0.02794,0.15643,19.61,-32.4,False
1143,0.02794,0.15706,19.35,-33.3,False
125,0.02794,0.25011,6.45,-77.7,False
1552,0.02794,0.2485,33.89,16.9,False
2200,0.02794,0.23239,24.03,-17.1,False
1028,0.02794,0.24048,13.0,-55.2,False
1300,0.02794,0.20852,27.83,-4.0,False
898,0.02794,0.16707,23.18,-20.0,False
2010,0.02794,0.24576,10.37,-64.2,False
1364,0.02794,0.25143,11.94,-58.8,False
903,0.02794,0.23116,17.51,-39.6,False
1500,0.02794,0.15869,15.71,-45.8,False
109,0.02795,0.16921,18.82,-35.1,False
1191,0.02795,0.16921,18.82,-35.1,False
756,0.02795,0.22206,26.89,-7.3,False
735,0.02795,0.22206,26.89,-7.3,False
2272,0.02795,0.24954,15.67,-45.9,False
98,0.02795,0.22443,32.97,13.7,False
1331,0.02795,0.19008,17.09,-41.1,False
1102,0.02795,0.2338,26.62,-8.2,False
1382,0.02795,0.21036,28.97,-0.1,False
1356,0.02795,0.2339,9.03,-68.9,False
1480,0.02795,0.23987,19.8,-31.7,False
1529,0.02796,0.20195,13.72,-52.7,False
720,0.02796,0.19811,24.24,-16.4,False
1438,0.02796,0.23894,18.31,-36.9,False
1547,0.02796,0.22766,29.49,1.7,False
1267,0.02796,0.2012,16.02,-44.7,False
855,0.02796,0.21127,10.54,-63.6,False
1334,0.02796,0.21127,10.54,-63.6,False
510,0.02796,0.20958,41.2,42.1,False
412,0.02796,0.2007,12.95,-55.3,False
234,0.02796,0.19909,27.9,-3.8,False
393,0.02796,0.17728,27.1,-6.5,False
1594,0.02796,0.1451,19.93,-31.3,False
413,0.02796,0.20158,23.15,-20.2,False
193,0.02796,0.20456,27.88,-3.8,False
2348,0.02797,0.24042,27.18,-6.2,False
89,0.02797,0.20418,20.38,-29.7,False
850,0.02797,0.22175,33.95,17.1,False
1308,0.02797,0.21772,25.52,-12.0,False
725,0.02797,0.18038,14.1,-51.4,False
944,0.02797,0.20258,18.6,-35.8,False
2106,0.02797,0.20902,7.36,-74.6,False
1789,0.02797,0.13029,19.38,-33.2,False
2290,0.02797,0.23203,14.23,-50.9,False
2098,0.02797,0.18038,14.1,-51.4,False
647,0.02797,0.23203,14.23,-50.9,False
687,0.02797,0.20418,20.38,-29.7,False
550,0.02797,0.25566,30.96,6.8,False
170,0.02797,0.15682,23.92,-17.5,False
1937,0.02797,0.23356,15.47,-46.6,False
1972,0.02797,0.16231,13.66,-52.9,False
1053,0.02797,0.20254,10.57,-63.6,False
1255,0.02798,0.19234,18.43,-36.4,False
383,0.02798,0.22923,23.63,-18.5,False
1404,0.02798,0.22181,29.64,2.2,False
1140,0.02798,0.18368,25.62,-11.6,False
833,0.02798,0.20452,24.35,-16.0,False
1316,0.02798,0.23551,14.38,-50.4,False
2252,0.02798,0.18018,11.58,-60.1,False
1511,0.02798,0.24024,14.64,-49.5,False
1609,0.02798,0.14224,19.26,-33.6,False
1232,0.02798,0.21517,13.76,-52.5,False
933,0.02798,0.25513,30.87,6.5,False
1023,0.02798,0.14518,19.39,-33.1,False
2142,0.02799,0.23236,17.96,-38.0,False
948,0.02799,0.1712,13.14,-54.7,False
1743,0.02799,0.16838,22.51,-22.4,False
1370,0.02799,0.17064,26.61,-8.2,False
437,0.02799,0.22198,28.47,-1.8,False
1815,0.02799,0.1873,19.2,-33.8,False
2246,0.02799,0.12339,23.03,-20.6,False
2322,0.02799,0.23336,17.68,-39.0,False
1276,0.02799,0.25439,17.62,-39.2,False
651,0.02799,0.21929,20.98,-27.6,False
160,0.02799,0.24271,18.93,-34.7,False
1632,0.02799,0.23044,30.02,3.5,False
1425,0.02799,0.19124,17.44,-39.8,False
1505,0.02799,0.11607,27.45,-5.3,True
801,0.02799,0.17231,25.16,-13.2,False
2090,0.02799,0.17159,23.92,-17.5,False
621,0.02799,0.22654,17.91,-38.2,False
1489,0.02799,0.21821,18.29,-36.9,False
544,0.02799,0.12339,23.03,-20.6,False
653,0.028,0.20473,15.06,-48.0,False
1448,0.028,0.19482,14.35,-50.5,False
57,0.028,0.17605,31.59,9.0,False
1166,0.028,0.24673,6.47,-77.7,False
1197,0.028,0.20715,8.47,-70.8,False
2174,0.028,0.16977,29.56,2.0,False
2041,0.028,0.19447,24.91,-14.1,False
1110,0.028,0.21988,28.53,-1.6,False
1824,0.028,0.19716,12.98,-55.2,False
53,0.028,0.16735,23.59,-18.6,False
1664,0.028,0.19922,13.67,-52.8,False
1322,0.02801,0.25466,10.44,-64.0,False
220,0.02801,0.1878,28.1,-3.1,False
2173,0.02801,0.13907,32.06,10.6,False
2162,0.02801,0.17815,19.18,-33.8,False
534,0.02801,0.23531,10.59,-63.5,False
601,0.02801,0.24222,15.63,-46.1,False
766,0.02801,0.26878,12.16,-58.0,False
1243,0.02801,0.17114,23.09,-20.4,False
77,0.02801,0.23531,10.59,-63.5,False
1831,0.02801,0.25105,38.33,32.2,False
358,0.02801,0.23312,11.49,-60.4,False
478,0.02801,0.21358,30.75,6.1,False
1614,0.02801,0.2205,16.71,-42.4,False
1670,0.02801,0.21093,19.14,-34.0,False
1963,0.02801,0.14091,23.01,-20.6,False
1737,0.02801,0.2355,26.83,-7.4,False
1802,0.02802,0.14525,20.45,-29.5,False
880,0.02802,0.21623,18.27,-37.0,False
1827,0.02802,0.25742,6.34,-78.1,False
2289,0.02802,0.22747,19.77,-31.8,False
1868,0.02802,0.1563,25.45,-12.2,False
2137,0.02802,0.20973,17.51,-39.6,False
1928,0.02802,0.14525,20.45,-29.5,False
1153,0.02802,0.17682,16.86,-41.8,False
2152,0.02802,0.18128,27.59,-4.8,False
676,0.02802,0.18128,27.59,-4.8,False
1731,0.02802,0.20035,23.33,-19.5,False
321,0.02803,0.16185,21.37,-26.3,False
906,0.02803,0.19685,16.79,-42.1,False
2012,0.02803,0.21958,14.11,-51.3,False
222,0.02803,0.17223,21.6,-25.5,False
35,0.02803,0.18524,18.65,-35.7,False
2298,0.02803,0.23367,7.6,-73.8,False
428,0.02803,0.18248,32.07,10.6,False
2188,0.02803,0.15614,20.88,-28.0,False
221,0.02803,0.24826,16.9,-41.7,False
1380,0.02804,0.16263,29.13,0.5,False
1437,0.02804,0.20917,17.94,-38.1,False
884,0.02804,0.21966,24.54,-15.3,False
2113,0.02804,0.17741,31.11,7.3,False
1669,0.02804,0.16263,29.13,0.5,False
695,0.02804,0.23533,19.85,-31.5,False
737,0.02804,0.18865,21.29,-26.6,False
2129,0.02804,0.26024,16.26,-43.9,False
49,0.02804,0.2416,21.95,-24.3,False
780,0.02804,0.16153,34.29,18.3,False
60,0.02804,0.23253,8.05,-72.2,False
1959,0.02804,0.21362,28.06,-3.2,False
1896,0.02804,0.2138,14.98,-48.3,False
1414,0.02804,0.22402,18.45,-36.4,False
1562,0.02804,0.24397,35.25,21.6,False
371,0.02804,0.18649,32.31,11.5,False
1597,0.02804,0.17741,31.11,7.3,False
359,0.02804,0.17398,37.83,30.5,False
755,0.02805,0.16408,24.93,-14.0,False
759,0.02805,0.24121,14.66,-49.4,False
1189,0.02805,0.23533,7.84,-73.0,False
1916,0.02805,0.23571,23.23,-19.9,False
289,0.02805,0.20882,23.21,-19.9,False
1639,0.02805,0.25511,37.61,29.7,False
1544,0.02805,0.22293,12.38,-57.3,False
1436,0.02805,0.21596,21.32,-26.4,False
2206,0.02805,0.22293,12.38,-57.3,False
2248,0.02806,0.2382,14.95,-48.4,False
2011,0.02806,0.20685,25.34,-12.6,False
1293,0.02806,0.17224,18.39,-36.5,False
700,0.02806,0.20767,22.15,-23.6,False
2143,0.02806,0.18488,19.76,-31.8,False
1019,0.02806,0.15113,24.56,-15.3,False
2243,0.02806,0.20059,17.12,-40.9,False
2148,0.02806,0.24099,20.73,-28.5,False
211,0.02806,0.25899,9.57,-67.0,False
1431,0.02806,0.22124,21.89,-24.5,False
2255,0.02806,0.19189,19.7,-32.1,False
469,0.02806,0.2382,14.95,-48.4,False
2121,0.02806,0.15113,24.56,-15.3,False
178,0.02807,0.245,13.06,-55.0,False
1523,0.02807,0.14739,13.47,-53.5,False
2254,0.02807,0.14739,13.47,-53.5,False
1447,0.02807,0.23934,17.87,-38.4,False
2196,0.02807,0.24272,18.64,-35.7,False
901,0.02807,0.19565,26.5,-8.6,False
1183,0.02807,0.23727,25.75,-11.2,False
2100,0.02807,0.20192,16.31,-43.8,False
331,0.02807,0.14739,13.47,-53.5,False
996,0.02807,0.21606,17.45,-39.8,False
805,0.02808,0.2212,14.86,-48.7,False
945,0.02808,0.24989,39.14,35.0,False
1576,0.02808,0.17673,29.28,1.0,False
375,0.02808,0.23869,10.62,-63.4,False
1608,0.02808,0.12733,26.34,-9.2,False
1052,0.02808,0.2428,12.55,-56.7,False
1488,0.02808,0.18846,20.88,-28.0,False
1085,0.02808,0.21926,14.92,-48.5,False
1982,0.02808,0.17673,29.28,1.0,False
1704,0.02808,0.16475,26.73,-7.8,False
2277,0.02808,0.17673,29.28,1.0,False
657,0.02808,0.19395,17.23,-40.6,False
1496,0.02808,0.12733,26.34,-9.2,False
517,0.02808,0.21751,18.12,-37.5,False
2050,0.02808,0.21464,14.84,-48.8,False
1368,0.02808,0.19395,17.23,-40.6,False
2224,0.02808,0.17673,29.28,1.0,False
1420,0.02808,0.2338,7.39,-74.5,False
771,0.02808,0.18184,31.39,8.3,False
2202,0.02808,0.1557,21.25,-26.7,False
2230,0.02809,0.23115,27.97,-3.5,False
516,0.02809,0.17006,24.36,-16.0,False
980,0.02809,0.2092,19.11,-34.1,False
1558,0.02809,0.23119,28.47,-1.8,False
1221,0.02809,0.21982,9.7,-66.5,False
2123,0.02809,0.20465,22.29,-23.1,False
84,0.02809,0.28209,24.38,-15.9,False
2221,0.02809,0.17126,24.12,-16.8,False
574,0.02809,0.19899,22.79,-21.4,False
206,0.02809,0.25985,38.24,31.9,False
2119,0.0281,0.24082,10.88,-62.5,False
1164,0.0281,0.20329,22.75,-21.5,False
1929,0.0281,0.14507,20.01,-31.0,False
500,0.0281,0.1787,13.05,-55.0,False
691,0.0281,0.22646,15.65,-46.0,False
2015,0.0281,0.24277,35.16,21.3,False
1424,0.0281,0.14007,22.94,-20.9,False
1527,0.0281,0.19206,30.01,3.5,False
1307,0.0281,0.2091,9.47,-67.3,False
1401,0.0281,0.14513,16.36,-43.6,False
523,0.02811,0.21085,27.02,-6.8,False
1184,0.02811,0.23334,14.95,-48.4,False
1663,0.02811,0.24483,22.67,-21.8,False
1745,0.02811,0.20204,16.07,-44.6,False
2190,0.02811,0.21971,18.05,-37.7,False
1228,0.02811,0.23605,13.78,-52.5,False
704,0.02811,0.19612,24.01,-17.2,False
2372,0.02811,0.23605,13.78,-52.5,False
806,0.02811,0.20204,16.07,-44.6,False
1975,0.02812,0.24221,14.72,-49.2,False
1,0.02812,0.2485,35.95,24.0,False
760,0.02812,0.20509,27.08,-6.6,False
1133,0.02812,0.19643,20.37,-29.7,False
928,0.02812,0.20737,27.26,-6.0,False
490,0.02812,0.2079,13.83,-52.3,False
1254,0.02812,0.24457,11.4,-60.7,False
1206,0.02812,0.19598,32.75,13.0,False
1430,0.02812,0.21503,24.81,-14.4,False
2195,0.02812,0.19714,9.67,-66.6,False
914,0.02812,0.21503,24.81,-14.4,False
2114,0.02812,0.19643,20.37,-29.7,False
192,0.02812,0.20439,13.47,-53.5,False
1961,0.02812,0.22282,23.87,-17.7,False
2380,0.02812,0.21178,32.72,12.9,False
180,0.02813,0.20693,30.63,5.7,False
1635,0.02813,0.23191,26.23,-9.5,False
2089,0.02813,0.17607,15.81,-45.4,False
773,0.02813,0.22516,16.11,-44.4,False
391,0.02813,0.22175,21.2,-26.9,False
830,0.02813,0.20532,26.29,-9.3,False
343,0.02813,0.22234,11.44,-60.5,False
1043,0.02813,0.20993,17.25,-40.5,False
590,0.02813,0.20993,17.25,-40.5,False
1790,0.02813,0.19456,14.1,-51.4,False
116,0.02814,0.12949,30.12,3.9,False
1377,0.02814,0.20359,13.49,-53.5,False
674,0.02814,0.21922,12.12,-58.2,False
2072,0.02814,0.19815,13.93,-51.9,False
2355,0.02814,0.2358,33.76,16.5,False
317,0.02814,0.24374,24.54,-15.4,False
74,0.02815,0.23817,13.02,-55.1,False
770,0.02815,0.25412,11.44,-60.6,False
1526,0.02815,0.19839,16.53,-43.0,False
1538,0.02815,0.22938,20.47,-29.4,False
2241,0.02815,0.22949,18.89,-34.8,False
1724,0.02815,0.1972,21.16,-27.0,False
2194,0.02815,0.22177,9.6,-66.9,False
934,0.02815,0.18594,20.28,-30.1,False
2002,0.02815,0.20882,14.02,-51.6,False
2154,0.02815,0.22177,9.6,-66.9,False
1935,0.02815,0.19514,21.69,-25.2,False
587,0.02815,0.23817,13.02,-55.1,False
972,0.02815,0.19815,10.02,-65.4,False
2021,0.02815,0.20982,21.1,-27.2,False
1869,0.02815,0.18044,17.83,-38.5,False
2074,0.02815,0.20647,24.21,-16.5,False
2069,0.02815,0.18044,17.83,-38.5,False
410,0.02816,0.19407,28.91,-0.3,False
2218,0.02816,0.15144,20.28,-30.0,False
2217,0.02816,0.26503,19.42,-33.0,False
1902,0.02816,0.16008,25.81,-11.0,False
168,0.02816,0.26503,19.42,-33.0,False
1061,0.02816,0.21361,15.61,-46.2,False
1412,0.02816,0.14197,27.46,-5.3,False
1757,0.02816,0.20369,19.48,-32.8,False
1825,0.02816,0.2299,24.34,-16.0,False
2176,0.02816,0.14197,27.46,-5.3,False
2128,0.02816,0.21256,28.68,-1.1,False
342,0.02816,0.14575,31.93,10.1,False
967,0.02817,0.23049,24.56,-15.3,False
800,0.02817,0.27035,9.77,-66.3,False
2122,0.02817,0.23313,27.65,-4.6,False
1275,0.02817,0.21824,18.32,-36.8,False
1520,0.02817,0.21953,13.25,-54.3,False
1559,0.02817,0.22129,18.83,-35.0,False
1705,0.02817,0.20374,24.22,-16.4,False
392,0.02817,0.27165,14.73,-49.2,False
1466,0.02817,0.21547,23.75,-18.1,False
570,0.02817,0.1952,23.99,-17.3,False
999,0.02818,0.14296,23.01,-20.6,False
2186,0.02818,0.19313,21.67,-25.3,False
333,0.02818,0.17363,25.78,-11.1,False
1317,0.02818,0.16813,23.13,-20.2,False
1646,0.02818,0.23136,18.05,-37.7,False
1506,0.02818,0.19392,23.18,-20.0,False
613,0.02818,0.22129,22.73,-21.6,False
758,0.02818,0.25411,29.84,2.9,False
1977,0.02818,0.23296,16.02,-44.8,False
575,0.02818,0.23451,28.81,-0.6,False
1284,0.02819,0.1731,18.87,-34.9,False
727,0.02819,0.22851,29.17,0.6,False
1810,0.02819,0.22996,15.83,-45.4,False
107,0.02819,0.25512,8.84,-69.5,False
1046,0.02819,0.15547,29.98,3.4,False
445,0.02819,0.21733,46.24,59.5,False
28,0.02819,0.22851,29.17,0.6,False
134,0.02819,0.27155,6.31,-78.2,False
559,0.02819,0.20472,12.99,-55.2,False
1360,0.02819,0.2414,25.36,-12.5,False
2387,0.0282,0.21112,19.39,-33.1,False
1682,0.0282,0.16353,21.53,-25.7,False
142,0.0282,0.20586,9.63,-66.8,False
1835,0.02821,0.26315,11.52,-60.3,False
1838,0.02821,0.25223,5.68,-80.4,False
1744,0.02821,0.19615,11.06,-61.8,False
1719,0.02821,0.23534,14.96,-48.4,False
1540,0.02821,0.14839,17.99,-37.9,False
0,0.02821,0.16512,25.1,-13.4,False
506,0.02821,0.20609,21.88,-24.5,False
608,0.02821,0.16512,25.1,-13.4,False
569,0.02821,0.23122,7.64,-73.6,False
846,0.02821,0.19243,17.84,-38.5,False
519,0.02821,0.20033,28.88,-0.4,False
1008,0.02821,0.23282,36.41,25.6,False
417,0.02821,0.15636,24.75,-14.6,False
396,0.02821,0.23528,20.83,-28.2,False
1332,0.02821,0.23875,5.67,-80.4,False
330,0.02821,0.18186,18.16,-37.4,False
71,0.02821,0.201,11.36,-60.8,False
1088,0.02821,0.20033,28.88,-0.4,False
301,0.02821,0.23992,28.07,-3.2,False
1136,0.02822,0.18275,28.69,-1.0,False
598,0.02822,0.18917,19.11,-34.1,False
529,0.02822,0.23207,11.55,-60.2,False
1248,0.02822,0.15349,19.0,-34.5,False
1875,0.02822,0.1421,19.26,-33.6,False
1069,0.02822,0.24803,29.97,3.4,False
1747,0.02822,0.18994,10.98,-62.1,False
802,0.02822,0.18275,28.69,-1.0,False
987,0.02822,0.19587,9.99,-65.5,False
336,0.02822,0.21518,36.98,27.6,False
1359,0.02822,0.2163,20.6,-28.9,False
1792,0.02823,0.18998,20.02,-30.9,False
813,0.02823,0.23578,15.18,-47.6,False
1674,0.02823,0.20751,16.22,-44.0,False
1423,0.02823,0.18101,17.38,-40.1,False
857,0.02823,0.20751,16.22,-44.0,False
2239,0.02823,0.23182,28.29,-2.4,False
2237,0.02823,0.14993,36.57,26.2,False
2235,0.02823,0.23161,16.4,-43.4,False
2265,0.02823,0.19453,21.42,-26.1,False
612,0.02824,0.206,15.09,-48.0,False
1498,0.02824,0.17899,36.07,24.4,False
1047,0.02824,0.27512,4.71,-83.8,False
577,0.02824,0.22825,22.16,-23.6,False
1561,0.02824,0.24638,19.49,-32.8,False
1890,0.02824,0.1927,15.69,-45.9,False
1224,0.02824,0.24539,26.49,-8.6,False
983,0.02824,0.26172,25.81,-11.0,False
284,0.02824,0.22825,22.16,-23.6,False
1095,0.02824,0.19586,21.31,-26.5,False
94,0.02824,0.1954,12.47,-57.0,False
1367,0.02824,0.24638,19.49,-32.8,False
2180,0.02824,0.24508,19.18,-33.8,False
1433,0.02824,0.1801,20.26,-30.1,False
1956,0.02824,0.1954,12.47,-57.0,False
1984,0.02824,0.21207,13.82,-52.3,False
717,0.02824,0.23899,17.62,-39.2,False
786,0.02824,0.13772,35.19,21.4,False
1891,0.02824,0.19003,20.7,-28.6,False
277,0.02825,0.20501,28.48,-1.8,False
2052,0.02825,0.24651,35.42,22.2,False
1981,0.02825,0.20121,44.56,53.7,False
1454,0.02825,0.24069,26.97,-7.0,False
61,0.02825,0.25674,10.66,-63.2,False
935,0.02825,0.19878,18.6,-35.8,False
1319,0.02825,0.23559,27.21,-6.1,False
1422,0.02825,0.20121,44.56,53.7,False
1007,0.02825,0.1856,15.08,-48.0,False
13,0.02825,0.17549,22.15,-23.6,False
2329,0.02825,0.25674,10.66,-63.2,False
362,0.02825,0.17239,17.62,-39.2,False
957,0.02826,0.1584,20.8,-28.3,False
43,0.02826,0.22612,23.62,-18.5,False
1444,0.02826,0.22612,23.62,-18.5,False
171,0.02826,0.13025,30.69,5.9,False
1623,0.02826,0.21468,30.47,5.1,False
747,0.02826,0.15756,21.94,-24.3,False
340,0.02826,0.21313,15.19,-47.6,False
2285,0.02826,0.21879,12.57,-56.7,False
558,0.02826,0.17195,22.58,-22.1,False
1472,0.02826,0.1131,20.71,-28.6,True
1894,0.02826,0.20175,28.81,-0.6,False
625,0.02826,0.21879,12.57,-56.7,False
690,0.02826,0.22784,16.5,-43.1,False
1926,0.02826,0.18296,17.32,-40.2,False
451,0.02826,0.22094,30.6,5.5,False
946,0.02827,0.24924,10.53,-63.7,False
943,0.02827,0.1877,20.45,-29.4,False
1742,0.02827,0.20515,21.07,-27.3,False
886,0.02827,0.24101,13.21,-54.4,False
1534,0.02827,0.20973,23.5,-18.9,False
1793,0.02827,0.21101,14.56,-49.8,False
1182,0.02827,0.2431,20.41,-29.6,False
1124,0.02827,0.17545,17.7,-38.9,False
265,0.02827,0.2538,8.17,-71.8,False
2127,0.02827,0.26702,29.02,0.1,False
223,0.02827,0.24985,24.99,-13.8,False
870,0.02828,0.20696,27.32,-5.8,False
1666,0.02828,0.27484,14.09,-51.4,False
1805,0.02828,0.20527,22.25,-23.2,False
1343,0.02828,0.27484,14.09,-51.4,False
2223,0.02828,0.21878,15.83,-45.4,False
871,0.02828,0.19932,25.16,-13.2,False
2308,0.02828,0.22979,24.24,-16.4,False
2250,0.02828,0.21444,16.65,-42.6,False
105,0.02828,0.15647,30.66,5.8,False
1730,0.02828,0.19569,25.73,-11.3,False
545,0.02828,0.22156,38.06,31.3,False
1833,0.02828,0.26177,30.52,5.3,False
2120,0.02828,0.22723,11.08,-61.8,False
176,0.02828,0.19772,9.8,-66.2,False
2370,0.02828,0.13027,30.89,6.6,False
1055,0.02829,0.17097,26.05,-10.2,False
152,0.02829,0.21611,28.82,-0.6,False
1130,0.02829,0.19274,14.39,-50.4,False
185,0.02829,0.24974,35.25,21.6,False
1442,0.02829,0.23994,27.94,-3.6,False
1244,0.02829,0.21591,18.08,-37.6,False
1145,0.02829,0.20701,10.87,-62.5,False
1606,0.02829,0.16818,23.8,-17.9,False
1202,0.02829,0.18938,16.73,-42.3,False
2352,0.02829,0.24992,15.35,-47.0,False
76,0.02829,0.18938,16.73,-42.3,False
1905,0.02829,0.21559,18.45,-36.4,False
126,0.02829,0.23907,13.51,-53.4,False
655,0.02829,0.15992,30.62,5.6,False
62,0.02829,0.20747,26.11,-9.9,False
2006,0.02829,0.23907,13.51,-53.4,False
2099,0.0283,0.17959,18.54,-36.0,False
2047,0.0283,0.21817,10.53,-63.7,False
663,0.0283,0.20503,27.08,-6.6,False
173,0.0283,0.25097,23.68,-18.3,False
950,0.0283,0.24354,40.1,38.3,False
309,0.0283,0.21781,37.46,29.2,False
2057,0.0283,0.17959,18.54,-36.0,False
22,0.0283,0.16426,18.14,-37.4,False
1627,0.0283,0.21781,37.46,29.2,False
1799,0.0283,0.24268,7.9,-72.8,False
186,0.0283,0.2226,27.41,-5.5,False
1732,0.02831,0.14298,26.9,-7.2,False
460,0.02831,0.14298,26.9,-7.2,False
814,0.02831,0.14516,36.48,25.8,False
769,0.02831,0.19571,33.87,16.8,False
1005,0.02831,0.22298,24.72,-14.7,False
1175,0.02831,0.18231,19.27,-33.5,False
1453,0.02831,0.21945,17.71,-38.9,False
2398,0.02831,0.18014,13.04,-55.0,False
1710,0.02831,0.23444,33.48,15.5,False
740,0.02831,0.20804,13.16,-54.6,False
1126,0.02831,0.24959,14.66,-49.4,False
64,0.02831,0.1451,20.35,-29.8,False
148,0.02831,0.18726,20.19,-30.4,False
1467,0.02831,0.22638,17.02,-41.3,False
138,0.02831,0.23052,15.98,-44.9,False
733,0.02832,0.20265,13.56,-53.2,False
561,0.02832,0.21284,14.55,-49.8,False
1989,0.02832,0.17222,14.44,-50.2,False
2366,0.02832,0.20822,27.34,-5.7,False
2392,0.02832,0.15522,19.77,-31.8,False
1943,0.02832,0.21284,14.55,-49.8,False
2342,0.02832,0.23717,22.17,-23.5,False
1811,0.02832,0.21284,14.55,-49.8,False
2362,0.02832,0.23717,22.17,-23.5,False
293,0.02832,0.21912,23.8,-17.9,False
1535,0.02832,0.21229,13.64,-52.9,False
822,0.02833,0.21089,26.73,-7.8,False
2023,0.02833,0.20744,31.39,8.3,False
423,0.02833,0.25915,17.82,-38.5,False
2294,0.02833,0.24611,19.06,-34.3,False
485,0.02833,0.18632,18.34,-36.7,False
708,0.02833,0.24611,19.06,-34.3,False
339,0.02833,0.21343,22.7,-21.7,False
2149,0.02834,0.18425,27.86,-3.9,False
718,0.02834,0.22905,16.3,-43.8,False
1048,0.02834,0.20541,16.71,-42.4,False
578,0.02834,0.20215,30.43,5.0,False
253,0.02834,0.20039,11.49,-60.4,False
1072,0.02834,0.17278,31.23,7.7,False
1501,0.02834,0.23224,25.85,-10.8,False
1230,0.02834,0.20039,11.49,-60.4,False
2181,0.02834,0.13303,20.89,-27.9,False
2077,0.02834,0.1821,27.62,-4.7,False
122,0.02834,0.17278,31.23,7.7,False
765,0.02834,0.14809,19.6,-32.4,False
849,0.02834,0.14266,30.92,6.7,False
1259,0.02835,0.22502,22.41,-22.7,False
2036,0.02835,0.26484,7.21,-75.1,False
365,0.02835,0.19528,21.48,-25.9,False
853,0.02835,0.22741,12.01,-58.6,False
2279,0.02835,0.15963,23.87,-17.7,False
2369,0.02835,0.15963,23.87,-17.7,False
1550,0.02835,0.17167,15.37,-47.0,False
787,0.02835,0.238,10.14,-65.0,False
1200,0.02835,0.22502,22.41,-22.7,False
599,0.02836,0.17346,33.65,16.1,False
2083,0.02836,0.20925,29.88,3.1,False
1209,0.02836,0.20818,37.75,30.2,False
181,0.02836,0.20676,43.5,50.1,False
2144,0.02836,0.1648,24.86,-14.2,False
1154,0.02836,0.20527,21.71,-25.1,False
1717,0.02836,0.25434,16.32,-43.7,False
1282,0.02837,0.22958,18.16,-37.3,False
1781,0.02837,0.14056,25.51,-12.0,False
1691,0.02837,0.20286,28.19,-2.8,False
1818,0.02837,0.19022,22.24,-23.3,False
865,0.02837,0.22424,15.34,-47.1,False
792,0.02837,0.21999,21.65,-25.3,False
2249,0.02837,0.22273,13.57,-53.2,False
2059,0.02837,0.19022,22.24,-23.3,False
1198,0.02837,0.16997,19.07,-34.2,False
2007,0.02837,0.28715,4.75,-83.6,False
335,0.02837,0.14056,25.51,-12.0,False
1253,0.02838,0.1378,28.94,-0.2,False
448,0.02838,0.15354,31.2,7.6,False
2033,0.02838,0.23615,42.1,45.2,False
1365,0.02838,0.24198,29.75,2.6,False
1440,0.02838,0.17323,25.82,-10.9,False
75,0.02838,0.20962,23.19,-20.0,False
1567,0.02838,0.23886,18.72,-35.4,False
2371,0.02838,0.21045,23.69,-18.3,False
586,0.02839,0.28367,12.91,-55.5,False
2013,0.02839,0.21484,22.82,-21.3,False
2147,0.02839,0.27748,6.15,-78.8,False
811,0.02839,0.24384,5.02,-82.7,False
819,0.02839,0.246,20.13,-30.6,False
2131,0.02839,0.18988,17.81,-38.6,False
1445,0.02839,0.21484,22.82,-21.3,False
1278,0.02839,0.25119,14.8,-49.0,False
254,0.02839,0.20616,22.47,-22.5,False
829,0.0284,0.23376,25.04,-13.6,False
108,0.0284,0.15684,16.11,-44.4,False
2005,0.0284,0.22463,17.57,-39.4,False
2302,0.0284,0.26595,15.04,-48.1,False
495,0.0284,0.24699,43.18,48.9,False
2203,0.0284,0.25368,19.17,-33.9,False
1828,0.0284,0.27239,25.54,-11.9,False
1452,0.0284,0.18853,30.82,6.3,False
1504,0.0284,0.16895,12.62,-56.5,False
461,0.0284,0.16584,29.42,1.5,False
932,0.02841,0.23404,33.74,16.4,False
1766,0.02841,0.14449,21.91,-24.4,False
602,0.02841,0.17188,15.56,-46.3,False
1861,0.02841,0.21939,19.61,-32.3,False
2368,0.02841,0.24299,16.22,-44.0,False
1882,0.02841,0.22893,18.58,-35.9,False
902,0.02841,0.23404,33.74,16.4,False
322,0.02841,0.2256,20.96,-27.7,False
921,0.02841,0.23582,6.75,-76.7,False
1551,0.02842,0.26655,11.4,-60.7,False
2321,0.02842,0.26417,35.63,22.9,False
785,0.02842,0.22574,24.69,-14.8,False
1696,0.02842,0.17299,30.16,4.0,False
1725,0.02842,0.19633,21.37,-26.3,False
217,0.02842,0.18672,22.04,-24.0,False
1492,0.02842,0.20078,13.94,-51.9,False
1310,0.02842,0.19633,21.37,-26.3,False
2179,0.02842,0.19247,18.89,-34.8,False
2175,0.02842,0.1252,30.7,5.9,False
511,0.02843,0.17401,26.49,-8.6,False
202,0.02843,0.26179,39.48,36.2,False
1852,0.02843,0.11184,23.36,-19.4,True
2324,0.02843,0.16119,30.39,4.8,False
1726,0.02843,0.23534,9.23,-68.2,False
1519,0.02843,0.26179,39.48,36.2,False
1829,0.02843,0.20888,9.75,-66.4,False
1207,0.02843,0.23534,9.23,-68.2,False
837,0.02843,0.22581,22.16,-23.6,False
623,0.02843,0.2238,11.89,-59.0,False
415,0.02843,0.21384,17.96,-38.1,False
1812,0.02843,0.16289,14.26,-50.8,False
1908,0.02843,0.26179,39.48,36.2,False
498,0.02843,0.22326,20.86,-28.0,False
722,0.02843,0.22581,22.16,-23.6,False
2278,0.02843,0.26179,39.48,36.2,False
1063,0.02843,0.19865,18.58,-35.9,False
1967,0.02843,0.16139,25.71,-11.3,False
555,0.02843,0.25344,18.07,-37.7,False
2043,0.02843,0.19599,31.64,9.1,False
1351,0.02843,0.17983,24.45,-15.7,False
1764,0.02844,0.20138,14.28,-50.7,False
102,0.02844,0.20138,14.28,-50.7,False
459,0.02844,0.18342,29.11,0.4,False
2082,0.02844,0.17873,35.45,22.3,False
533,0.02844,0.1841,30.41,4.9,False
1353,0.02844,0.23616,17.93,-38.2,False
1760,0.02844,0.2111,13.77,-52.5,False
971,0.02844,0.22827,21.66,-25.3,False
1179,0.02844,0.14952,33.84,16.7,False
2251,0.02844,0.14952,33.84,16.7,False
1034,0.02844,0.14952,33.84,16.7,False
1274,0.02844,0.1841,30.41,4.9,False
1949,0.02844,0.21043,40.27,38.9,False
2309,0.02845,0.15609,14.42,-50.2,False
1873,0.02845,0.16368,24.56,-15.3,False
1628,0.02845,0.19949,25.73,-11.2,False
2310,0.02845,0.2783,4.57,-84.2,False
1283,0.02846,0.21945,14.06,-51.5,False
1771,0.02846,0.22202,26.01,-10.3,False
975,0.02846,0.24803,23.88,-17.6,False
1778,0.02846,0.1709,18.73,-35.4,False
1385,0.02846,0.19317,21.18,-26.9,False
1208,0.02846,0.26363,5.6,-80.7,False
360,0.02846,0.22827,21.18,-26.9,False
1906,0.02846,0.1879,10.98,-62.1,False
1979,0.02846,0.2313,10.22,-64.7,False
1883,0.02846,0.21945,14.06,-51.5,False
1378,0.02846,0.18012,24.23,-16.4,False
2332,0.02846,0.22158,24.61,-15.1,False
541,0.02846,0.16707,20.78,-28.3,False
2124,0.02846,0.19317,21.18,-26.9,False
344,0.02847,0.20454,33.77,16.5,False
261,0.02847,0.24618,6.9,-76.2,False
2389,0.02847,0.24234,21.87,-24.6,False
2199,0.02847,0.18681,10.25,-64.6,False
908,0.02847,0.22009,25.65,-11.5,False
1791,0.02847,0.23437,14.64,-49.5,False
2394,0.02847,0.23714,27.77,-4.2,False
1914,0.02847,0.22985,14.72,-49.2,False
1860,0.02847,0.274,6.26,-78.4,False
947,0.02847,0.16235,27.77,-4.2,False
1347,0.02847,0.22874,9.89,-65.9,False
382,0.02847,0.22669,10.34,-64.3,False
1181,0.02847,0.22009,25.65,-11.5,False
1379,0.02847,0.22874,9.89,-65.9,False
1218,0.02847,0.18887,9.79,-66.2,False
304,0.02848,0.20475,21.86,-24.6,False
1844,0.02848,0.23736,16.51,-43.0,False
1568,0.02848,0.20504,11.31,-61.0,False
922,0.02848,0.20181,23.41,-19.3,False
617,0.02848,0.16381,29.6,2.1,False
2171,0.02848,0.22898,14.79,-49.0,False
764,0.02848,0.21869,25.55,-11.9,False
348,0.02848,0.19579,16.25,-44.0,False
157,0.02848,0.20937,17.58,-39.3,False
754,0.02848,0.22289,20.86,-28.0,False
1879,0.02848,0.20504,11.31,-61.0,False
1375,0.02849,0.20195,26.75,-7.7,False
707,0.02849,0.21403,22.5,-22.4,False
1955,0.02849,0.19869,20.51,-29.2,False
177,0.02849,0.13235,25.45,-12.2,False
1031,0.02849,0.27088,9.41,-67.5,False
1044,0.0285,0.14938,32.63,12.5,False
2034,0.0285,0.26083,38.16,31.6,False
1277,0.0285,0.23643,23.48,-19.0,False
2135,0.0285,0.21276,22.15,-23.6,False
2293,0.0285,0.25151,26.38,-9.0,False
2344,0.0285,0.2565,28.85,-0.5,False
1324,0.02851,0.20265,32.64,12.6,False
1616,0.02851,0.16573,34.24,18.1,False
41,0.02851,0.20305,17.23,-40.6,False
2102,0.02851,0.20305,17.23,-40.6,False
905,0.02851,0.15752,33.1,14.2,False
1170,0.02851,0.24594,19.27,-33.5,False
1553,0.02851,0.18383,19.01,-34.4,False
1735,0.02851,0.16387,16.65,-42.6,False
1056,0.02852,0.22394,28.58,-1.4,False
1237,0.02852,0.19961,24.16,-16.7,False
434,0.02852,0.20606,13.48,-53.5,False
1286,0.02852,0.24118,13.29,-54.2,False
1571,0.02852,0.15671,29.41,1.4,False
1398,0.02852,0.16518,18.82,-35.1,False
2032,0.02852,0.22645,22.85,-21.2,False
2051,0.02852,0.19464,20.47,-29.4,False
1803,0.02853,0.20041,26.75,-7.7,False
7,0.02853,0.23533,11.24,-61.2,False
16,0.02853,0.26801,12.39,-57.2,False
1040,0.02853,0.21691,13.95,-51.9,False
2347,0.02853,0.26213,12.66,-56.3,False
1736,0.02853,0.26094,37.78,30.3,False
96,0.02853,0.28595,24.56,-15.3,False
986,0.02853,0.19598,15.75,-45.7,False
1591,0.02853,0.18994,17.08,-41.1,False
2333,0.02854,0.16071,13.46,-53.6,False
696,0.02854,0.20893,25.46,-12.2,False
1374,0.02854,0.22047,15.0,-48.3,False
556,0.02854,0.17768,24.17,-16.6,False
1196,0.02854,0.19813,8.16,-71.9,False
468,0.02854,0.20808,22.36,-22.9,False
473,0.02854,0.12861,28.91,-0.3,False
968,0.02855,0.21682,12.09,-58.3,False
530,0.02855,0.19681,20.11,-30.6,False
2346,0.02855,0.2287,11.1,-61.7,False
1985,0.02855,0.22687,22.33,-23.0,False
1010,0.02855,0.18013,34.52,19.1,False
804,0.02855,0.19893,28.78,-0.7,False
1171,0.02855,0.21315,12.92,-55.4,False
1268,0.02855,0.16883,20.01,-31.0,False
553,0.02855,0.22687,22.33,-23.0,False
2044,0.02855,0.2128,31.61,9.0,False
1226,0.02855,0.23353,10.14,-65.0,False
1970,0.02856,0.21912,14.65,-49.5,False
1341,0.02856,0.20371,13.72,-52.7,False
1876,0.02856,0.2222,21.58,-25.6,False
1451,0.02856,0.19364,17.9,-38.3,False
106,0.02856,0.18318,20.56,-29.1,False
1665,0.02856,0.24246,10.62,-63.4,False
214,0.02856,0.25112,30.02,3.6,False
1036,0.02856,0.17736,26.66,-8.0,False
1671,0.02856,0.10647,24.13,-16.8,True
1728,0.02856,0.23071,36.68,26.5,False
1134,0.02856,0.21887,13.45,-53.6,False
1240,0.02856,0.10647,24.13,-16.8,False
1484,0.02857,0.16521,30.59,5.5,False
1369,0.02857,0.23336,25.62,-11.6,False
1094,0.02857,0.16725,39.43,36.0,False
306,0.02857,0.21989,14.38,-50.4,False
675,0.02857,0.11703,17.61,-39.3,False
1194,0.02857,0.13478,20.39,-29.7,False
479,0.02857,0.17944,21.44,-26.0,False
421,0.02858,0.23111,22.33,-23.0,False
1162,0.02858,0.20822,29.96,3.3,False
1393,0.02858,0.22832,9.42,-67.5,False
1968,0.02858,0.2095,10.58,-63.5,False
664,0.02858,0.17883,18.08,-37.6,False
118,0.02858,0.20123,19.59,-32.4,False
843,0.02858,0.25171,8.17,-71.8,False
1543,0.02858,0.2095,10.58,-63.5,False
2093,0.02858,0.24406,15.03,-48.2,False
925,0.02858,0.19733,31.5,8.7,False
1471,0.02858,0.2095,10.58,-63.5,False
1960,0.02859,0.23431,35.18,21.4,False
1234,0.02859,0.28521,6.1,-79.0,False
239,0.02859,0.16655,22.32,-23.0,False
1952,0.02859,0.23767,12.49,-56.9,False
332,0.02859,0.20414,13.46,-53.6,False
807,0.0286,0.25994,39.57,36.5,False
204,0.0286,0.19519,15.89,-45.2,False
2270,0.0286,0.22665,16.12,-44.4,False
1993,0.0286,0.21159,26.37,-9.0,False
2335,0.0286,0.16099,11.57,-60.1,False
1125,0.0286,0.1199,24.31,-16.1,False
2317,0.0286,0.16629,27.87,-3.9,False
1512,0.0286,0.19167,24.81,-14.4,False
1867,0.02861,0.14903,26.57,-8.3,False
923,0.02861,0.14701,24.49,-15.5,False
1592,0.02861,0.22531,8.43,-70.9,False
394,0.02861,0.28091,4.0,-86.2,False
1564,0.02861,0.19904,12.95,-55.3,False
2101,0.02861,0.26898,4.1,-85.8,False
989,0.02862,0.20277,11.66,-59.8,False
861,0.02862,0.21987,23.44,-19.1,False
658,0.02862,0.22306,16.15,-44.3,False
1386,0.02862,0.26012,2.75,-90.5,False
1621,0.02862,0.21217,15.94,-45.0,False
1888,0.02862,0.25824,26.25,-9.5,False
1942,0.02862,0.21864,23.41,-19.2,False
2068,0.02862,0.21937,12.75,-56.0,False
824,0.02862,0.20643,18.47,-36.3,False
929,0.02862,0.26012,2.75,-90.5,False
2168,0.02863,0.21549,22.85,-21.2,False
2306,0.02863,0.24649,9.69,-66.6,False
1394,0.02863,0.16208,19.45,-32.9,False
1180,0.02864,0.21856,20.68,-28.7,False
1971,0.02864,0.22136,28.3,-2.4,False
649,0.02864,0.26167,42.52,46.7,False
1938,0.02864,0.16974,21.48,-25.9,False
1330,0.02864,0.25999,2.57,-91.1,False
1257,0.02864,0.17312,16.75,-42.2,False
1555,0.02864,0.24265,12.16,-58.0,False
1776,0.02864,0.13857,29.06,0.2,False
563,0.02865,0.20808,16.4,-43.4,False
904,0.02865,0.21229,22.43,-22.6,False
1269,0.02865,0.22909,23.43,-19.2,False
744,0.02866,0.23837,20.42,-29.6,False
389,0.02866,0.15752,25.52,-12.0,False
432,0.02867,0.21402,32.37,11.6,False
1086,0.02867,0.24138,18.97,-34.5,False
2163,0.02867,0.1891,19.45,-32.9,False
405,0.02867,0.20638,11.41,-60.6,False
1522,0.02867,0.19556,13.48,-53.5,False
693,0.02867,0.22997,11.93,-58.9,False
520,0.02867,0.18639,10.66,-63.2,False
873,0.02868,0.24008,16.64,-42.6,False
1439,0.02868,0.20664,29.82,2.9,False
2227,0.02868,0.22928,18.25,-37.0,False
1822,0.02868,0.14603,18.68,-35.6,False
1947,0.02868,0.20573,12.08,-58.3,False
954,0.02868,0.228,17.16,-40.8,False
1525,0.02868,0.18865,18.36,-36.7,False
799,0.02868,0.26146,7.09,-75.6,False
1832,0.02868,0.21117,11.04,-61.9,False
1376,0.02868,0.21057,27.55,-5.0,False
924,0.02868,0.28916,13.89,-52.1,False
58,0.02868,0.20664,29.82,2.9,False
1795,0.02868,0.16085,23.96,-17.3,False
189,0.02869,0.20359,22.71,-21.7,False
241,0.02869,0.21964,35.64,22.9,False
258,0.02869,0.16345,27.74,-4.3,False
86,0.02869,0.21394,35.91,23.9,False
2236,0.02869,0.15439,26.34,-9.1,False
1683,0.02869,0.2892,4.12,-85.8,False
512,0.0287,0.19084,13.78,-52.5,False
2130,0.0287,0.19084,13.78,-52.5,False
1714,0.0287,0.23501,30.22,4.3,False
966,0.0287,0.25363,14.7,-49.3,False
471,0.0287,0.23201,24.8,-14.5,False
689,0.02871,0.16273,18.94,-34.7,False
2300,0.02871,0.20581,30.33,4.6,False
2343,0.02871,0.26569,25.97,-10.4,False
1306,0.02871,0.26569,25.97,-10.4,False
1187,0.02871,0.18627,35.55,22.6,False
398,0.02872,0.23596,6.89,-76.2,False
677,0.02872,0.21656,16.93,-41.6,False
2080,0.02872,0.22056,14.59,-49.7,False
509,0.02872,0.18021,21.92,-24.4,False
2399,0.02872,0.21281,10.14,-65.0,False
1636,0.02872,0.19031,14.49,-50.0,False
2058,0.02873,0.20208,15.32,-47.2,False
2008,0.02873,0.21053,25.46,-12.2,False
1996,0.02873,0.21066,18.27,-37.0,False
95,0.02873,0.2172,15.45,-46.7,False
1834,0.02873,0.15007,16.89,-41.7,False
859,0.02873,0.15007,16.89,-41.7,False
1262,0.02873,0.16224,28.2,-2.7,False
482,0.02873,0.18182,13.46,-53.6,False
919,0.02873,0.20208,15.32,-47.2,False
1660,0.02873,0.20177,14.42,-50.3,False
2397,0.02873,0.19854,11.98,-58.7,False
1039,0.02874,0.14281,32.39,11.7,False
2016,0.02874,0.24605,3.16,-89.1,False
298,0.02874,0.14864,32.62,12.5,False
1630,0.02874,0.23616,35.64,22.9,False
1384,0.02874,0.24455,17.64,-39.2,False
481,0.02874,0.23308,12.05,-58.4,False
1865,0.02875,0.26507,5.89,-79.7,False
50,0.02875,0.20525,18.02,-37.8,False
1192,0.02875,0.16059,24.03,-17.1,False
1574,0.02875,0.2654,10.84,-62.6,False
995,0.02875,0.22571,17.27,-40.4,False
1856,0.02875,0.13379,26.5,-8.6,False
2216,0.02875,0.13,20.05,-30.9,False
1605,0.02875,0.22624,30.45,5.0,False
2363,0.02876,0.23356,24.4,-15.8,False
887,0.02876,0.20864,29.64,2.2,False
2331,0.02876,0.13405,23.11,-20.3,False
668,0.02876,0.19351,16.59,-42.8,False
607,0.02876,0.11819,18.41,-36.5,False
422,0.02876,0.19148,25.32,-12.7,False
752,0.02876,0.17627,14.25,-50.9,False
1415,0.02876,0.21158,12.68,-56.2,False
820,0.02877,0.17296,20.93,-27.8,False
524,0.02877,0.24042,3.17,-89.1,False
2078,0.02877,0.23214,26.65,-8.1,False
615,0.02878,0.20897,13.07,-54.9,False
564,0.02878,0.16057,27.04,-6.7,False
68,0.02878,0.17434,30.5,5.2,False
2295,0.02878,0.2338,16.44,-43.3,False
1210,0.02878,0.28105,11.35,-60.8,False
745,0.02878,0.19178,15.95,-45.0,False
1479,0.02878,0.13769,33.5,15.6,False
1457,0.02878,0.20484,17.05,-41.2,False
1862,0.02879,0.11519,25.44,-12.3,False
475,0.02879,0.24831,30.75,6.1,False
810,0.02879,0.2179,11.44,-60.5,False
1279,0.02879,0.18618,19.4,-33.1,False
376,0.02879,0.24785,11.23,-61.3,False
1513,0.02879,0.15385,16.57,-42.9,False
715,0.0288,0.2303,12.17,-58.0,False
30,0.0288,0.26403,5.29,-81.7,False
1845,0.02881,0.24021,17.81,-38.6,False
567,0.02881,0.19802,10.82,-62.7,False
2345,0.02881,0.18406,20.71,-28.6,False
1797,0.02881,0.21537,12.44,-57.1,False
671,0.02881,0.16306,21.34,-26.4,False
772,0.02881,0.19325,18.2,-37.2,False
1969,0.02881,0.19161,11.28,-61.1,False
738,0.02881,0.21655,27.79,-4.1,False
1688,0.02882,0.23553,12.39,-57.2,False
1296,0.02882,0.14147,32.14,10.9,False
1850,0.02882,0.25085,19.54,-32.6,False
1093,0.02882,0.20247,14.39,-50.4,False
130,0.02882,0.21824,25.55,-11.8,False
1188,0.02882,0.19773,21.58,-25.6,False
836,0.02882,0.28325,12.52,-56.8,False
897,0.02882,0.18375,16.59,-42.8,False
1067,0.02882,0.22688,17.66,-39.1,False
636,0.02882,0.20754,18.4,-36.5,False
998,0.02883,0.17664,26.71,-7.9,False
1617,0.02884,0.20982,25.12,-13.4,False
33,0.02884,0.17532,26.72,-7.8,False
17,0.02884,0.2284,16.3,-43.8,False
324,0.02884,0.26273,3.45,-88.1,False
1281,0.02884,0.24758,20.63,-28.8,False
1176,0.02885,0.14685,21.11,-27.2,False
1700,0.02885,0.13953,37.01,27.7,False
2314,0.02885,0.20914,12.57,-56.6,False
433,0.02885,0.11089,32.13,10.8,False
1878,0.02885,0.19038,16.2,-44.1,False
538,0.02885,0.23834,23.13,-20.2,False
1115,0.02885,0.21441,25.94,-10.5,False
817,0.02885,0.22225,28.72,-0.9,False
99,0.02886,0.23736,25.91,-10.6,False
305,0.02887,0.27336,42.11,45.3,False
2125,0.02887,0.1781,10.82,-62.7,False
988,0.02887,0.16648,17.31,-40.3,False
1363,0.02887,0.21449,21.07,-27.3,False
2268,0.02887,0.27336,42.11,45.3,False
2108,0.02888,0.18019,15.83,-45.4,False
2063,0.02888,0.22543,12.8,-55.8,False
1814,0.02888,0.20851,11.8,-59.3,False
2153,0.02888,0.23395,18.71,-35.5,False
1354,0.02888,0.23395,18.71,-35.5,False
1395,0.02888,0.29008,3.13,-89.2,False
1021,0.02888,0.20967,15.44,-46.8,False
2182,0.02889,0.2001,18.02,-37.8,False
1563,0.02889,0.21485,14.2,-51.0,False
1528,0.0289,0.17147,10.99,-62.1,False
1020,0.0289,0.22957,5.45,-81.2,False
1976,0.0289,0.12206,24.15,-16.7,False
1149,0.0289,0.18368,10.14,-65.0,False
1650,0.0289,0.2585,8.22,-71.6,False
203,0.02891,0.19425,9.38,-67.7,False
1870,0.02891,0.19618,24.98,-13.8,False
1340,0.02891,0.25354,4.98,-82.8,False
1041,0.02891,0.22895,12.42,-57.1,False
1263,0.02892,0.17117,13.59,-53.1,False
397,0.02892,0.13811,35.6,22.8,False
750,0.02892,0.13888,17.68,-39.0,False
643,0.02892,0.19034,12.97,-55.3,False
775,0.02892,0.22257,18.04,-37.8,False
2184,0.02893,0.22534,25.26,-12.9,False
67,0.02893,0.22824,19.25,-33.6,False
1886,0.02893,0.15653,12.81,-55.8,False
15,0.02893,0.23409,33.32,14.9,False
835,0.02893,0.18931,27.78,-4.2,False
1318,0.02893,0.18802,38.99,34.5,False
581,0.02893,0.16889,22.62,-22.0,False
2185,0.02893,0.18931,27.78,-4.2,False
274,0.02893,0.23147,8.45,-70.9,False
350,0.02893,0.22534,25.26,-12.9,False
912,0.02894,0.17389,10.6,-63.4,False
1734,0.02895,0.21056,10.91,-62.4,False
1965,0.02895,0.17091,16.5,-43.1,False
294,0.02895,0.20636,18.61,-35.8,False
380,0.02895,0.23493,34.13,17.7,False
79,0.02895,0.22702,17.25,-40.5,False
600,0.02895,0.22315,27.15,-6.3,False
629,0.02896,0.17394,10.86,-62.6,False
862,0.02896,0.20021,12.5,-56.9,False
2349,0.02896,0.17394,10.86,-62.6,False
2075,0.02897,0.1886,10.95,-62.2,False
114,0.02897,0.17582,11.86,-59.1,False
1843,0.02897,0.17616,15.36,-47.0,False
1690,0.02897,0.17763,25.96,-10.5,False
1406,0.02897,0.23577,9.79,-66.2,False
660,0.02898,0.18484,16.96,-41.5,False
1857,0.02898,0.1699,10.68,-63.2,False
1147,0.02898,0.26621,6.01,-79.3,False
734,0.02898,0.26621,6.01,-79.3,False
2318,0.02898,0.18484,16.96,-41.5,False
2018,0.02898,0.19136,25.04,-13.6,False
1486,0.02898,0.13777,29.46,1.6,False
1774,0.02898,0.26989,12.19,-57.9,False
131,0.02898,0.24187,11.27,-61.1,False
385,0.02899,0.20915,24.7,-14.8,False
1158,0.02899,0.2344,42.54,46.8,False
140,0.02899,0.19432,16.36,-43.6,False
1280,0.02899,0.22748,10.52,-63.7,False
1626,0.02899,0.26023,24.73,-14.7,False
1877,0.02899,0.22264,15.35,-47.0,False
1751,0.02899,0.17077,17.26,-40.5,False
404,0.02899,0.15894,23.45,-19.1,False
407,0.02899,0.1899,20.65,-28.8,False
1161,0.02899,0.22299,10.61,-63.4,False
694,0.029,0.11119,25.65,-11.5,False
1372,0.029,0.17616,29.83,2.9,False
1579,0.029,0.25266,9.7,-66.5,False
286,0.029,0.23009,16.66,-42.5,False
784,0.029,0.11119,25.65,-11.5,False
2197,0.02901,0.22864,18.45,-36.4,False
1881,0.02901,0.25352,12.77,-55.9,False
1548,0.02902,0.24815,17.52,-39.6,False
406,0.02902,0.21296,8.67,-70.1,False
127,0.02902,0.22124,28.76,-0.8,False
21,0.02902,0.18844,22.42,-22.7,False
2282,0.02902,0.19287,17.36,-40.1,False
80,0.02902,0.20561,17.8,-38.6,False
1238,0.02902,0.237,23.47,-19.0,False
963,0.02902,0.12033,21.69,-25.2,False
470,0.02902,0.18844,22.42,-22.7,False
1655,0.02902,0.15449,15.27,-47.3,False
809,0.02903,0.29369,11.93,-58.9,False
1131,0.02903,0.19084,20.62,-28.9,False
69,0.02903,0.15928,31.8,9.7,False
2053,0.02904,0.18101,30.54,5.3,False
37,0.02904,0.2472,31.62,9.1,False
678,0.02904,0.21146,19.98,-31.1,False
626,0.02904,0.2472,31.62,9.1,False
1216,0.02904,0.1952,25.34,-12.6,False
24,0.02904,0.25674,6.46,-77.7,False
1530,0.02905,0.13024,27.53,-5.0,False
1030,0.02905,0.21987,19.28,-33.5,False
1859,0.02905,0.16075,23.37,-19.4,False
307,0.02905,0.18369,11.45,-60.5,False
1022,0.02905,0.19853,13.84,-52.3,False
1417,0.02905,0.13578,25.93,-10.6,False
1773,0.02905,0.16075,23.37,-19.4,False
190,0.02905,0.19646,30.92,6.6,False
266,0.02905,0.16453,12.49,-56.9,False
2260,0.02905,0.19381,12.71,-56.1,False
489,0.02905,0.20936,15.73,-45.7,False
1159,0.02905,0.16075,23.37,-19.4,False
1148,0.02906,0.10727,23.71,-18.2,False
40,0.02906,0.26537,40.9,41.1,False
1702,0.02906,0.12347,18.21,-37.2,False
504,0.02906,0.17556,11.15,-61.5,False
231,0.02907,0.213,28.41,-2.0,False
1201,0.02907,0.21837,27.46,-5.3,False
827,0.02908,0.21464,26.84,-7.4,False
141,0.02908,0.24723,5.71,-80.3,False
2256,0.02908,0.14639,17.06,-41.2,False
866,0.02908,0.25297,2.74,-90.6,False
2204,0.02908,0.2423,33.35,15.0,False
1983,0.02909,0.21739,21.3,-26.5,False
351,0.02909,0.23014,22.99,-20.7,False
640,0.02909,0.22051,27.74,-4.3,False
1580,0.02909,0.23366,13.24,-54.3,False
297,0.0291,0.20555,20.53,-29.2,False
2379,0.0291,0.17728,9.98,-65.6,False
213,0.0291,0.25065,3.34,-88.5,False
149,0.02911,0.25,17.63,-39.2,False
229,0.02911,0.17435,15.77,-45.6,False
2297,0.02911,0.14285,27.15,-6.3,False
1117,0.02911,0.121,23.9,-17.6,False
2156,0.02911,0.17435,15.77,-45.6,False
275,0.02911,0.21931,7.79,-73.1,False
1695,0.02911,0.20858,29.1,0.4,False
2105,0.02912,0.19448,19.92,-31.3,False
803,0.02912,0.20535,13.88,-52.1,False
1108,0.02913,0.18983,15.57,-46.3,False
1499,0.02913,0.18413,18.4,-36.5,False
2312,0.02913,0.18413,18.4,-36.5,False
1549,0.02913,0.22631,30.5,5.2,False
1313,0.02913,0.22035,7.96,-72.6,False
1508,0.02913,0.26669,12.71,-56.2,False
1051,0.02913,0.17405,19.95,-31.2,False
379,0.02913,0.24052,11.18,-61.4,False
1029,0.02914,0.19821,29.25,0.9,False
790,0.02914,0.18335,16.1,-44.5,False
1643,0.02914,0.19821,29.25,0.9,False
2287,0.02914,0.15761,21.12,-27.2,False
303,0.02914,0.20269,25.21,-13.0,False
354,0.02914,0.23138,16.54,-43.0,False
2291,0.02914,0.18875,14.99,-48.3,False
327,0.02914,0.18939,25.19,-13.1,False
959,0.02914,0.23551,10.55,-63.6,False
1169,0.02915,0.12529,23.46,-19.1,False
1338,0.02916,0.22954,38.54,32.9,False
1813,0.02916,0.24546,28.72,-0.9,False
2375,0.02916,0.24546,28.72,-0.9,False
462,0.02916,0.18124,12.9,-55.5,False
2276,0.02917,0.22259,21.89,-24.5,False
236,0.02917,0.18575,16.52,-43.0,False
1049,0.02917,0.19269,16.13,-44.3,False
782,0.02917,0.19268,17.9,-38.3,False
1817,0.02917,0.13747,27.0,-6.9,False
1157,0.02917,0.20884,30.09,3.8,False
1443,0.02917,0.24414,13.9,-52.1,False
1000,0.02917,0.25351,14.68,-49.4,False
1837,0.02918,0.20846,16.95,-41.5,False
1541,0.02918,0.14769,27.23,-6.1,False
1038,0.02918,0.12403,34.53,19.1,False
891,0.02918,0.19898,30.97,6.8,False
1247,0.02919,0.22564,14.22,-51.0,False
48,0.02919,0.13527,26.78,-7.6,False
650,0.02919,0.27124,3.48,-88.0,False
2240,0.02919,0.23536,29.56,2.0,False
1127,0.0292,0.26967,4.91,-83.1,False
1150,0.0292,0.27259,5.16,-82.2,False
1713,0.0292,0.20866,21.17,-27.0,False
2340,0.0292,0.27259,5.16,-82.2,False
1830,0.0292,0.20866,21.17,-27.0,False
1018,0.02921,0.21661,4.34,-85.0,False
2118,0.02921,0.16586,31.42,8.4,False
1305,0.02921,0.25053,12.12,-58.2,False
907,0.02921,0.2734,17.43,-39.9,False
667,0.02921,0.17652,15.72,-45.8,False
1755,0.02921,0.24969,9.46,-67.4,False
1701,0.02921,0.23586,11.01,-62.0,False
26,0.02921,0.18112,30.94,6.7,False
952,0.02922,0.19764,24.87,-14.2,False
701,0.02922,0.21584,25.93,-10.6,False
216,0.02923,0.21526,13.06,-55.0,False
455,0.02923,0.22311,11.69,-59.7,False
34,0.02923,0.16001,25.19,-13.1,False
472,0.02924,0.15664,11.32,-61.0,False
1570,0.02924,0.14231,17.82,-38.5,False
2030,0.02924,0.19641,14.28,-50.8,False
2262,0.02924,0.15664,11.32,-61.0,False
1155,0.02924,0.19609,25.74,-11.2,False
872,0.02925,0.22288,30.49,5.2,False
1064,0.02925,0.2584,20.01,-31.0,False
936,0.02925,0.198,23.06,-20.5,False
743,0.02925,0.198,23.06,-20.5,False
243,0.02926,0.19616,25.26,-12.9,False
2096,0.02926,0.19616,25.26,-12.9,False
205,0.02926,0.19616,25.26,-12.9,False
1858,0.02926,0.18907,13.17,-54.6,False
1217,0.02927,0.27928,2.83,-90.3,False
1727,0.02927,0.27928,2.83,-90.3,False
349,0.02927,0.13645,19.46,-32.9,False
2042,0.02928,0.24356,9.39,-67.6,False
920,0.02928,0.19464,31.0,6.9,False
2210,0.02928,0.19464,31.0,6.9,False
430,0.02929,0.14862,24.19,-16.5,False
2376,0.02929,0.17125,20.83,-28.2,False
207,0.0293,0.17516,19.39,-33.1,False
198,0.02931,0.20762,9.67,-66.6,False
1105,0.02931,0.18329,16.89,-41.7,False
1141,0.02932,0.26903,3.24,-88.8,False
1273,0.02933,0.18719,15.81,-45.5,False
54,0.02933,0.11781,21.87,-24.6,False
2064,0.02934,0.19999,24.71,-14.7,False
1652,0.02934,0.17279,22.5,-22.4,False
1112,0.02934,0.17279,22.5,-22.4,False
2378,0.02935,0.25044,20.91,-27.9,False
1139,0.02935,0.19007,17.92,-38.2,False
1940,0.02935,0.25415,18.06,-37.7,False
1309,0.02937,0.26743,11.47,-60.4,False
554,0.02937,0.17986,15.75,-45.7,False
1536,0.02937,0.17737,15.24,-47.4,False
10,0.02937,0.18821,11.55,-60.2,False
273,0.02937,0.18959,11.92,-58.9,False
367,0.02937,0.21528,17.54,-39.5,False
292,0.02938,0.21885,5.01,-82.7,False
1823,0.02938,0.1919,29.72,2.5,False
2213,0.02938,0.17597,19.77,-31.8,False
2198,0.02939,0.26714,5.45,-81.2,False
749,0.02939,0.24106,20.96,-27.7,False
426,0.02939,0.23438,12.37,-57.3,False
593,0.02939,0.19541,31.63,9.1,False
2305,0.0294,0.2515,9.1,-68.6,False
632,0.0294,0.25294,12.63,-56.4,False
1481,0.0294,0.16488,27.98,-3.5,False
245,0.02941,0.21873,9.87,-66.0,False
874,0.02941,0.19016,14.86,-48.8,False
2151,0.02942,0.18392,24.11,-16.8,False
2271,0.02942,0.1776,14.34,-50.5,False
257,0.02942,0.21936,11.87,-59.1,False
2000,0.02944,0.15213,22.81,-21.3,False
288,0.02944,0.21117,19.87,-31.5,False
268,0.02944,0.28262,13.25,-54.3,False
92,0.02944,0.26059,41.49,43.1,False
143,0.02945,0.2258,9.97,-65.6,False
2233,0.02945,0.20259,10.36,-64.2,False
2170,0.02945,0.24588,20.06,-30.8,False
1946,0.02945,0.20259,10.36,-64.2,False
1035,0.02946,0.19714,24.65,-15.0,False
2086,0.02946,0.19714,24.65,-15.0,False
446,0.02946,0.2148,26.9,-7.2,False
184,0.02947,0.18999,26.91,-7.2,False
1656,0.02947,0.18079,12.04,-58.5,False
1054,0.02947,0.24301,26.98,-6.9,False
978,0.0295,0.21184,15.08,-48.0,False
1913,0.0295,0.23308,9.25,-68.1,False
418,0.02951,0.2204,7.71,-73.4,False
2134,0.02952,0.21455,29.56,2.0,False
703,0.02954,0.20906,30.45,5.0,False
439,0.02955,0.26632,2.61,-91.0,False
1421,0.02955,0.23671,31.15,7.4,False
1441,0.02955,0.26632,2.61,-91.0,False
1687,0.02955,0.20893,15.68,-45.9,False
941,0.02955,0.22372,33.83,16.7,False
2046,0.02955,0.25044,19.46,-32.9,False
794,0.02955,0.25044,19.46,-32.9,False
557,0.02956,0.26575,17.04,-41.2,False
1446,0.02958,0.20013,22.23,-23.3,False
1270,0.02958,0.23606,24.32,-16.1,False
1546,0.02958,0.17957,19.9,-31.3,False
842,0.02959,0.21023,10.55,-63.6,False
169,0.02959,0.2118,18.5,-36.2,False
270,0.02959,0.22053,29.54,1.9,False
1966,0.02959,0.24735,5.42,-81.3,False
926,0.0296,0.22299,4.46,-84.6,False
1265,0.02961,0.22649,11.13,-61.6,False
1013,0.02961,0.21296,13.87,-52.2,False
845,0.02962,0.19319,31.35,8.1,False
762,0.02963,0.22863,11.94,-58.8,False
1575,0.02963,0.22747,11.98,-58.7,False
2336,0.02965,0.20499,24.21,-16.5,False
1096,0.02965,0.19478,31.79,9.6,False
1678,0.02966,0.19475,25.18,-13.1,False
634,0.02966,0.18908,31.37,8.2,False
588,0.02966,0.2261,22.91,-21.0,False
2088,0.02966,0.28164,31.74,9.5,False
2354,0.02966,0.13616,16.53,-43.0,False
2261,0.02967,0.19904,27.21,-6.1,False
2039,0.02968,0.24582,10.79,-62.8,False
584,0.0297,0.19791,18.62,-35.8,False
29,0.0297,0.19791,18.62,-35.8,False
1706,0.02971,0.23432,11.88,-59.0,False
552,0.02971,0.20882,27.14,-6.4,False
1190,0.02972,0.15901,27.6,-4.8,False
444,0.02972,0.20498,20.22,-30.3,False
1014,0.02972,0.15901,27.6,-4.8,False
1402,0.02973,0.1383,34.45,18.8,False
931,0.02973,0.29398,3.79,-86.9,False
2031,0.02973,0.18505,29.63,2.2,False
666,0.02973,0.22514,16.89,-41.7,False
408,0.02975,0.17735,23.84,-17.8,False
491,0.02977,0.17828,21.15,-27.0,False
2014,0.02977,0.17828,21.15,-27.0,False
1491,0.02978,0.18493,22.31,-23.0,False
1121,0.02979,0.19004,24.2,-16.5,False
1762,0.02979,0.2364,32.45,11.9,False
1339,0.02979,0.2364,32.45,11.9,False
2299,0.0298,0.18279,10.67,-63.2,False
1223,0.02981,0.26836,1.8,-93.8,False
1907,0.02983,0.28031,12.21,-57.9,False
1392,0.02985,0.1826,21.57,-25.6,False
467,0.02987,0.18865,24.21,-16.5,False
1225,0.02988,0.19105,25.94,-10.5,False
882,0.02988,0.21681,8.72,-69.9,False
551,0.02989,0.17886,21.62,-25.4,False
2025,0.02989,0.24363,3.25,-88.8,False
2385,0.02989,0.28955,11.46,-60.5,False
942,0.02992,0.18898,16.78,-42.1,False
246,0.02992,0.18212,17.9,-38.3,False
370,0.02997,0.22247,16.1,-44.5,False
1461,0.02999,0.234,17.86,-38.4,False
1703,0.02999,0.21281,23.33,-19.5,False
1600,0.03003,0.21014,10.58,-63.5,False
2019,0.03004,0.22347,10.8,-62.7,False
409,0.03006,0.16858,21.65,-25.3,False
1235,0.03006,0.18557,20.75,-28.4,False
219,0.03011,0.22104,10.08,-65.2,False
681,0.03012,0.18716,30.22,4.3,False
1874,0.03013,0.17897,17.75,-38.8,False
592,0.03013,0.21076,8.19,-71.7,False
2273,0.03013,0.16813,23.17,-20.1,False
1780,0.03015,0.25391,28.92,-0.2,False
1213,0.0302,0.09726,23.19,-20.0,True
1992,0.03022,0.10513,25.02,-13.7,False
1132,0.03023,0.16489,24.25,-16.3,False
1847,0.03023,0.18178,21.45,-26.0,False
395,0.03025,0.23028,15.24,-47.4,False
1723,0.03028,0.19511,26.83,-7.4,False
1058,0.03029,0.18034,23.44,-19.1,False
670,0.03029,0.21432,10.7,-63.1,False
2226,0.03029,0.21432,10.7,-63.1,False
2076,0.03029,0.13719,17.2,-40.7,False
319,0.03036,0.22723,20.47,-29.4,False
1302,0.03039,0.12552,16.94,-41.6,False
642,0.03041,0.17195,23.89,-17.6,False
1455,0.03043,0.20878,13.13,-54.7,False
1641,0.03043,0.20878,13.13,-54.7,False
2242,0.03045,0.15989,21.04,-27.4,False
366,0.03046,0.17089,25.99,-10.4,False
1101,0.03049,0.16335,25.09,-13.5,False
357,0.0305,0.18629,28.24,-2.6,False
729,0.0305,0.08272,22.97,-20.8,True
1411,0.03057,0.21755,30.03,3.6,False
1801,0.03067,0.1361,26.55,-8.4,False
477,0.03073,0.2207,11.79,-59.3,False
1675,0.03073,0.2207,11.79,-59.3,False
132,0.03077,0.20269,23.07,-20.4,False
2328,0.03081,0.18934,29.17,0.6,False
144,0.03083,0.1747,28.01,-3.4,False
1925,0.03102,0.21692,8.81,-69.6,False
1215,0.03106,0.12595,25.54,-11.9,False
1880,0.03113,0.23515,10.1,-65.2,False
450,0.03159,0.12198,26.16,-9.8,False
